COM_CHP_NGA_CI_N,2025,ELC_DST,264.9015073570243
COM_CHP_NGA_CI_N,2030,ELC_DST,250.09150908031714
COM_CHP_NGA_CI_N,2040,ELC_DST,250.09150908031714
COM_CHP_NGA_CI_N,2050,ELC_DST,250.09150908031714
COM_CHP_NGA_MICRO_N,2025,ELC_DST,289.10783977612914
COM_CHP_NGA_MICRO_N,2030,ELC_DST,255.75326486918635
COM_CHP_NGA_MICRO_N,2040,ELC_DST,255.75326486918635
COM_CHP_NGA_MICRO_N,2050,ELC_DST,255.75326486918635
COM_CHP_NGA_CC_N,2025,ELC_DST,281.35065
COM_CHP_NGA_CC_N,2030,ELC_DST,281.35065
COM_CHP_NGA_CC_N,2040,ELC_DST,281.35065
COM_CHP_NGA_CC_N,2050,ELC_DST,281.35065
COM_CHP_SLB_CI_N,2025,ELC_DST,9.821831480214241
COM_CHP_SLB_CI_N,2030,ELC_DST,9.586373078546801
COM_CHP_SLB_CI_N,2040,ELC_DST,9.746229786088298
COM_CHP_SLB_CI_N,2050,ELC_DST,9.911591848530424
RES_CHP_NGA_CI_N,2025,ELC_DST,264.9015073570243
RES_CHP_NGA_CI_N,2030,ELC_DST,250.09150908031714
RES_CHP_NGA_CI_N,2040,ELC_DST,250.09150908031714
RES_CHP_NGA_CI_N,2050,ELC_DST,250.09150908031714
RES_CHP_NGA_MICRO_N,2025,ELC_DST,289.10783977612914
RES_CHP_NGA_MICRO_N,2030,ELC_DST,255.75326486918635
RES_CHP_NGA_MICRO_N,2040,ELC_DST,255.75326486918635
RES_CHP_NGA_MICRO_N,2050,ELC_DST,255.75326486918635
RES_CHP_NGA_CC_N,2025,ELC_DST,281.35065
RES_CHP_NGA_CC_N,2030,ELC_DST,281.35065
RES_CHP_NGA_CC_N,2040,ELC_DST,281.35065
RES_CHP_NGA_CC_N,2050,ELC_DST,281.35065
RES_CHP_NGA_STR_N,2025,ELC_DST,346.7599941505376
RES_CHP_NGA_STR_N,2030,ELC_DST,312.6118333333333
RES_CHP_NGA_STR_N,2040,ELC_DST,312.6118333333333
RES_CHP_NGA_STR_N,2050,ELC_DST,312.6118333333333
TRA_RAIL_FRG_E,2025,TRA_RAIL_FRG,13.25988
TRA_RAIL_FRG_E,2030,TRA_RAIL_FRG,13.25988
TRA_RAIL_FRG_E,2040,TRA_RAIL_FRG,13.25988
TRA_RAIL_FRG_E,2050,TRA_RAIL_FRG,13.25988
TRA_RAIL_PAS_E,2025,TRA_RAIL_PSG,13.25988
TRA_RAIL_PAS_E,2030,TRA_RAIL_PSG,13.25988
TRA_RAIL_PAS_E,2040,TRA_RAIL_PSG,13.25988
TRA_RAIL_PAS_E,2050,TRA_RAIL_PSG,13.25988
TRA_ROA_BUS_DST_E,2025,TRA_ROA_BUS,1444.9869230769232
TRA_ROA_BUS_DST_E,2030,TRA_ROA_BUS,1444.9869230769232
TRA_ROA_BUS_DST_E,2040,TRA_ROA_BUS,1444.9869230769232
TRA_ROA_BUS_DST_E,2050,TRA_ROA_BUS,1444.9869230769232
TRA_ROA_BUS_NGA_E,2025,TRA_ROA_BUS,1485.0815789473686
TRA_ROA_BUS_NGA_E,2030,TRA_ROA_BUS,1485.0815789473686
TRA_ROA_BUS_NGA_E,2040,TRA_ROA_BUS,1485.0815789473686
TRA_ROA_BUS_NGA_E,2050,TRA_ROA_BUS,1485.0815789473686
TRA_ROA_CAR_DST_E,2025,TRA_ROA_CAR,412.1804419889503
TRA_ROA_CAR_DST_E,2030,TRA_ROA_CAR,412.1804419889503
TRA_ROA_CAR_DST_E,2040,TRA_ROA_CAR,412.1804419889503
TRA_ROA_CAR_DST_E,2050,TRA_ROA_CAR,412.1804419889503
TRA_ROA_CAR_GSL_E,2025,TRA_ROA_CAR,470.8739799331104
TRA_ROA_CAR_GSL_E,2030,TRA_ROA_CAR,470.8739799331104
TRA_ROA_CAR_GSL_E,2040,TRA_ROA_CAR,470.8739799331104
TRA_ROA_CAR_GSL_E,2050,TRA_ROA_CAR,470.8739799331104
TRA_ROA_CAR_LPG_E,2025,TRA_ROA_CAR,511.2388663967611
TRA_ROA_CAR_LPG_E,2030,TRA_ROA_CAR,511.2388663967611
TRA_ROA_CAR_LPG_E,2040,TRA_ROA_CAR,511.2388663967611
TRA_ROA_CAR_LPG_E,2050,TRA_ROA_CAR,511.2388663967611
TRA_ROA_CAR_NGA_E,2025,TRA_ROA_CAR,410.7047445255474
TRA_ROA_CAR_NGA_E,2030,TRA_ROA_CAR,410.7047445255474
TRA_ROA_CAR_NGA_E,2040,TRA_ROA_CAR,410.7047445255474
TRA_ROA_CAR_NGA_E,2050,TRA_ROA_CAR,410.7047445255474
TRA_ROA_HTR_DST_E,2025,TRA_ROA_HTR,3315.7626666666665
TRA_ROA_HTR_DST_E,2030,TRA_ROA_HTR,3315.7626666666665
TRA_ROA_HTR_DST_E,2040,TRA_ROA_HTR,3315.7626666666665
TRA_ROA_HTR_DST_E,2050,TRA_ROA_HTR,3315.7626666666665
TRA_ROA_LCV_DST_E,2025,TRA_ROA_LCV,540.6134782608694
TRA_ROA_LCV_DST_E,2030,TRA_ROA_LCV,540.6134782608694
TRA_ROA_LCV_DST_E,2040,TRA_ROA_LCV,540.6134782608694
TRA_ROA_LCV_DST_E,2050,TRA_ROA_LCV,540.6134782608694
TRA_ROA_LCV_GSL_E,2025,TRA_ROA_LCV,584.1963485477179
TRA_ROA_LCV_GSL_E,2030,TRA_ROA_LCV,584.1963485477179
TRA_ROA_LCV_GSL_E,2040,TRA_ROA_LCV,584.1963485477179
TRA_ROA_LCV_GSL_E,2050,TRA_ROA_LCV,584.1963485477179
TRA_ROA_MOP_GSL_E,2025,TRA_ROA_2WH,107.06564258555133
TRA_ROA_MOP_GSL_E,2030,TRA_ROA_2WH,107.06564258555133
TRA_ROA_MOP_GSL_E,2040,TRA_ROA_2WH,107.06564258555133
TRA_ROA_MOP_GSL_E,2050,TRA_ROA_2WH,107.06564258555133
TRA_ROA_MCY_GSL_E,2025,TRA_ROA_2WH,137.22350877192983
TRA_ROA_MCY_GSL_E,2030,TRA_ROA_2WH,137.22350877192983
TRA_ROA_MCY_GSL_E,2040,TRA_ROA_2WH,137.22350877192983
TRA_ROA_MCY_GSL_E,2050,TRA_ROA_2WH,137.22350877192983
TRA_ROA_MTR_DST_E,2025,TRA_ROA_MTR,1657.8813333333333
TRA_ROA_MTR_DST_E,2030,TRA_ROA_MTR,1657.8813333333333
TRA_ROA_MTR_DST_E,2040,TRA_ROA_MTR,1657.8813333333333
TRA_ROA_MTR_DST_E,2050,TRA_ROA_MTR,1657.8813333333333
TRA_RAIL_PAS_DST_N,2025,TRA_RAIL_PSG,75.13932
TRA_RAIL_PAS_DST_N,2030,TRA_RAIL_PSG,75.13932
TRA_RAIL_PAS_DST_N,2040,TRA_RAIL_PSG,75.13932
TRA_RAIL_PAS_DST_N,2050,TRA_RAIL_PSG,75.13932
TRA_RAIL_FRG_DST_N,2025,TRA_RAIL_FRG,75.13932
TRA_RAIL_FRG_DST_N,2030,TRA_RAIL_FRG,75.13932
TRA_RAIL_FRG_DST_N,2040,TRA_RAIL_FRG,75.13932
TRA_RAIL_FRG_DST_N,2050,TRA_RAIL_FRG,75.13932
TRA_ROA_2WH_GSL_N,2025,TRA_ROA_2WH,130.72263689756437
TRA_ROA_2WH_GSL_N,2030,TRA_ROA_2WH,126.44958456043612
TRA_ROA_2WH_GSL_N,2040,TRA_ROA_2WH,118.69011625855276
TRA_ROA_2WH_GSL_N,2050,TRA_ROA_2WH,111.82789515488483
TRA_ROA_2WH_DST_N,2025,TRA_ROA_2WH,117.31364868077011
TRA_ROA_2WH_DST_N,2030,TRA_ROA_2WH,113.47519074653789
TRA_ROA_2WH_DST_N,2040,TRA_ROA_2WH,106.50554871267076
TRA_ROA_2WH_DST_N,2050,TRA_ROA_2WH,100.34251513113651
TRA_ROA_2WH_FULHYB_N,2025,TRA_ROA_2WH,82.551345646438
TRA_ROA_2WH_FULHYB_N,2030,TRA_ROA_2WH,78.13058823529411
TRA_ROA_2WH_FULHYB_N,2040,TRA_ROA_2WH,70.57209022556391
TRA_ROA_2WH_FULHYB_N,2050,TRA_ROA_2WH,64.34703839122486
TRA_ROA_BUS_GSL_N,2025,TRA_ROA_BUS,1548.5484476534298
TRA_ROA_BUS_GSL_N,2030,TRA_ROA_BUS,1510.38
TRA_ROA_BUS_GSL_N,2040,TRA_ROA_BUS,1439.4225503355706
TRA_ROA_BUS_GSL_N,2050,TRA_ROA_BUS,1374.833076923077
TRA_ROA_BUS_DST_N,2025,TRA_ROA_BUS,1238.5602197802198
TRA_ROA_BUS_DST_N,2030,TRA_ROA_BUS,1205.4436363636364
TRA_ROA_BUS_DST_N,2040,TRA_ROA_BUS,1144.2536040609136
TRA_ROA_BUS_DST_N,2050,TRA_ROA_BUS,1088.975652173913
TRA_ROA_BUS_LPG_N,2025,TRA_ROA_BUS,1469.906976744186
TRA_ROA_BUS_LPG_N,2030,TRA_ROA_BUS,1469.906976744186
TRA_ROA_BUS_LPG_N,2040,TRA_ROA_BUS,1469.906976744186
TRA_ROA_BUS_LPG_N,2050,TRA_ROA_BUS,1469.906976744186
TRA_ROA_BUS_NGA_N,2025,TRA_ROA_BUS,1254.068888888889
TRA_ROA_BUS_NGA_N,2030,TRA_ROA_BUS,1254.068888888889
TRA_ROA_BUS_NGA_N,2040,TRA_ROA_BUS,1254.068888888889
TRA_ROA_BUS_NGA_N,2050,TRA_ROA_BUS,1254.068888888889
TRA_ROA_BUS_PLGHYB_N,2025,TRA_ROA_BUS,399.67723404255315
TRA_ROA_BUS_PLGHYB_N,2030,TRA_ROA_BUS,399.67723404255315
TRA_ROA_BUS_PLGHYB_N,2040,TRA_ROA_BUS,399.67723404255315
TRA_ROA_BUS_PLGHYB_N,2050,TRA_ROA_BUS,399.67723404255315
TRA_ROA_CAR_GSL_N,2025,TRA_ROA_CAR,382.9319673617407
TRA_ROA_CAR_GSL_N,2030,TRA_ROA_CAR,373.1218727915195
TRA_ROA_CAR_GSL_N,2040,TRA_ROA_CAR,354.9361008403361
TRA_ROA_CAR_GSL_N,2050,TRA_ROA_CAR,338.4406730769231
TRA_ROA_CAR_DST_N,2025,TRA_ROA_CAR,338.4710472589792
TRA_ROA_CAR_DST_N,2030,TRA_ROA_CAR,329.6229455081001
TRA_ROA_CAR_DST_N,2040,TRA_ROA_CAR,313.24559832050386
TRA_ROA_CAR_DST_N,2050,TRA_ROA_CAR,298.41864
TRA_ROA_CAR_LPG_N,2025,TRA_ROA_CAR,374.7062314540059
TRA_ROA_CAR_LPG_N,2030,TRA_ROA_CAR,374.7062314540059
TRA_ROA_CAR_LPG_N,2040,TRA_ROA_CAR,374.7062314540059
TRA_ROA_CAR_LPG_N,2050,TRA_ROA_CAR,374.7062314540059
TRA_ROA_CAR_NGA_N,2025,TRA_ROA_CAR,315.21876750700284
TRA_ROA_CAR_NGA_N,2030,TRA_ROA_CAR,315.21876750700284
TRA_ROA_CAR_NGA_N,2040,TRA_ROA_CAR,315.21876750700284
TRA_ROA_CAR_NGA_N,2050,TRA_ROA_CAR,315.21876750700284
TRA_ROA_CAR_MILHYB_N,2025,TRA_ROA_CAR,311.3704091411721
TRA_ROA_CAR_MILHYB_N,2030,TRA_ROA_CAR,298.07618913196893
TRA_ROA_CAR_MILHYB_N,2040,TRA_ROA_CAR,274.6254616384915
TRA_ROA_CAR_MILHYB_N,2050,TRA_ROA_CAR,254.59551537070524
TRA_ROA_CAR_FULHYB_N,2025,TRA_ROA_CAR,261.9373395348837
TRA_ROA_CAR_FULHYB_N,2030,TRA_ROA_CAR,247.87204225352116
TRA_ROA_CAR_FULHYB_N,2040,TRA_ROA_CAR,223.83357710651828
TRA_ROA_CAR_FULHYB_N,2050,TRA_ROA_CAR,204.04539130434785
TRA_ROA_CAR_PLGHYB_N,2025,TRA_ROA_CAR,75.39944109055503
TRA_ROA_CAR_PLGHYB_N,2030,TRA_ROA_CAR,75.39944109055503
TRA_ROA_CAR_PLGHYB_N,2040,TRA_ROA_CAR,75.39944109055503
TRA_ROA_CAR_PLGHYB_N,2050,TRA_ROA_CAR,75.39944109055503
TRA_ROA_HTR_GSL_N,2025,TRA_ROA_HTR,3705.0347368421053
TRA_ROA_HTR_GSL_N,2030,TRA_ROA_HTR,3610.033846153846
TRA_ROA_HTR_GSL_N,2040,TRA_ROA_HTR,3433.934634146342
TRA_ROA_HTR_GSL_N,2050,TRA_ROA_HTR,3274.2167441860465
TRA_ROA_HTR_DST_N,2025,TRA_ROA_HTR,3291.3820588235294
TRA_ROA_HTR_DST_N,2030,TRA_ROA_HTR,3197.3425714285713
TRA_ROA_HTR_DST_N,2040,TRA_ROA_HTR,3024.513243243243
TRA_ROA_HTR_DST_N,2050,TRA_ROA_HTR,2869.41
TRA_ROA_HTR_LPG_N,2025,TRA_ROA_HTR,3607.8857142857137
TRA_ROA_HTR_LPG_N,2030,TRA_ROA_HTR,3607.8857142857137
TRA_ROA_HTR_LPG_N,2040,TRA_ROA_HTR,3607.8857142857137
TRA_ROA_HTR_LPG_N,2050,TRA_ROA_HTR,3607.8857142857137
TRA_ROA_HTR_NGA_N,2025,TRA_ROA_HTR,3041.435135135135
TRA_ROA_HTR_NGA_N,2030,TRA_ROA_HTR,3041.435135135135
TRA_ROA_HTR_NGA_N,2040,TRA_ROA_HTR,3041.435135135135
TRA_ROA_HTR_NGA_N,2050,TRA_ROA_HTR,3041.435135135135
TRA_ROA_HTR_PLGHYB_N,2025,TRA_ROA_HTR,586.1794714285713
TRA_ROA_HTR_PLGHYB_N,2030,TRA_ROA_HTR,586.1794714285713
TRA_ROA_HTR_PLGHYB_N,2040,TRA_ROA_HTR,586.1794714285713
TRA_ROA_HTR_PLGHYB_N,2050,TRA_ROA_HTR,586.1794714285713
TRA_ROA_LCV_GSL_N,2025,TRA_ROA_LCV,505.5343626570915
TRA_ROA_LCV_GSL_N,2030,TRA_ROA_LCV,492.2773426573426
TRA_ROA_LCV_GSL_N,2040,TRA_ROA_LCV,467.7452491694352
TRA_ROA_LCV_GSL_N,2050,TRA_ROA_LCV,445.5421518987342
TRA_ROA_LCV_DST_N,2025,TRA_ROA_LCV,467.0088262910798
TRA_ROA_LCV_DST_N,2030,TRA_ROA_LCV,454.9064634146341
TRA_ROA_LCV_DST_N,2040,TRA_ROA_LCV,432.49078260869567
TRA_ROA_LCV_DST_N,2050,TRA_ROA_LCV,412.1804419889503
TRA_ROA_LCV_LPG_N,2025,TRA_ROA_LCV,460.86131386861314
TRA_ROA_LCV_LPG_N,2030,TRA_ROA_LCV,460.86131386861314
TRA_ROA_LCV_LPG_N,2040,TRA_ROA_LCV,460.86131386861314
TRA_ROA_LCV_LPG_N,2050,TRA_ROA_LCV,460.86131386861314
TRA_ROA_LCV_NGA_N,2025,TRA_ROA_LCV,436.1748062015504
TRA_ROA_LCV_NGA_N,2030,TRA_ROA_LCV,436.1748062015504
TRA_ROA_LCV_NGA_N,2040,TRA_ROA_LCV,436.1748062015504
TRA_ROA_LCV_NGA_N,2050,TRA_ROA_LCV,436.1748062015504
TRA_ROA_LCV_FULHYB_N,2025,TRA_ROA_LCV,472.43056464379947
TRA_ROA_LCV_FULHYB_N,2030,TRA_ROA_LCV,447.1807792207792
TRA_ROA_LCV_FULHYB_N,2040,TRA_ROA_LCV,403.9963537906137
TRA_ROA_LCV_FULHYB_N,2050,TRA_ROA_LCV,368.418074074074
TRA_ROA_LCV_PLGHYB_N,2025,TRA_ROA_LCV,107.06474363992173
TRA_ROA_LCV_PLGHYB_N,2030,TRA_ROA_LCV,101.31497037037038
TRA_ROA_LCV_PLGHYB_N,2040,TRA_ROA_LCV,91.48843478260869
TRA_ROA_LCV_PLGHYB_N,2050,TRA_ROA_LCV,83.39951829268293
TRA_ROA_MTR_GSL_N,2025,TRA_ROA_MTR,1612.1143511450377
TRA_ROA_MTR_GSL_N,2030,TRA_ROA_MTR,1570.1634200743492
TRA_ROA_MTR_GSL_N,2040,TRA_ROA_MTR,1492.4874911660777
TRA_ROA_MTR_GSL_N,2050,TRA_ROA_MTR,1422.1345454545453
TRA_ROA_MTR_DST_N,2025,TRA_ROA_MTR,1425.5667515923567
TRA_ROA_MTR_DST_N,2030,TRA_ROA_MTR,1390.148944099379
TRA_ROA_MTR_DST_N,2040,TRA_ROA_MTR,1324.3430769230768
TRA_ROA_MTR_DST_N,2050,TRA_ROA_MTR,1264.4857627118645
TRA_ROA_MTR_LPG_N,2025,TRA_ROA_MTR,1578.4499999999998
TRA_ROA_MTR_LPG_N,2030,TRA_ROA_MTR,1578.4499999999998
TRA_ROA_MTR_LPG_N,2040,TRA_ROA_MTR,1578.4499999999998
TRA_ROA_MTR_LPG_N,2050,TRA_ROA_MTR,1578.4499999999998
TRA_ROA_MTR_NGA_N,2025,TRA_ROA_MTR,1339.6797619047618
TRA_ROA_MTR_NGA_N,2030,TRA_ROA_MTR,1339.6797619047618
TRA_ROA_MTR_NGA_N,2040,TRA_ROA_MTR,1339.6797619047618
TRA_ROA_MTR_NGA_N,2050,TRA_ROA_MTR,1339.6797619047618
TRA_ROA_MTR_PLGHYB_N,2025,TRA_ROA_MTR,255.65459813084112
TRA_ROA_MTR_PLGHYB_N,2030,TRA_ROA_MTR,255.65459813084112
TRA_ROA_MTR_PLGHYB_N,2040,TRA_ROA_MTR,255.65459813084112
TRA_ROA_MTR_PLGHYB_N,2050,TRA_ROA_MTR,255.65459813084112
IND_CH_BTX_E,2025,IND_CH_BTX,520.6550832116789
IND_CH_BTX_E,2030,IND_CH_BTX,520.6550832116789
IND_CH_BTX_E,2040,IND_CH_BTX,520.6550832116789
IND_CH_BTX_E,2050,IND_CH_BTX,520.6550832116789
IND_CH_AMM_E,2025,IND_CH_AMM,3514.7898059542795
IND_CH_AMM_E,2030,IND_CH_AMM,3514.7898059542795
IND_CH_AMM_E,2040,IND_CH_AMM,3514.7898059542795
IND_CH_AMM_E,2050,IND_CH_AMM,3514.7898059542795
IND_CH_MTH_E,2025,IND_CH_MTH,935.9636097560976
IND_CH_MTH_E,2030,IND_CH_MTH,935.9636097560976
IND_CH_MTH_E,2040,IND_CH_MTH,935.9636097560976
IND_CH_MTH_E,2050,IND_CH_MTH,935.9636097560976
IND_IS_BOF_E,2025,IND_IS_BOF,407.409413470318
IND_IS_BOF_E,2030,IND_IS_BOF,407.409413470318
IND_IS_BOF_E,2040,IND_IS_BOF,407.409413470318
IND_IS_BOF_E,2050,IND_IS_BOF,407.409413470318
IND_IS_EAF_E,2025,IND_IS_EAF,62.62950022415962
IND_IS_EAF_E,2030,IND_IS_EAF,62.62950022415962
IND_IS_EAF_E,2040,IND_IS_EAF,62.62950022415962
IND_IS_EAF_E,2050,IND_IS_EAF,62.62950022415962
IND_NF_ALU_E,2025,IND_NF_ALU,240.89955812264154
IND_NF_ALU_E,2030,IND_NF_ALU,240.89955812264154
IND_NF_ALU_E,2040,IND_NF_ALU,240.89955812264154
IND_NF_ALU_E,2050,IND_NF_ALU,240.89955812264154
IND_NM_CLK_DRY_E,2025,IND_NM_CMT,678.4210816915169
IND_NM_CLK_DRY_E,2030,IND_NM_CMT,678.4210816915169
IND_NM_CLK_DRY_E,2040,IND_NM_CMT,678.4210816915169
IND_NM_CLK_DRY_E,2050,IND_NM_CMT,678.4210816915169
IND_NM_CLK_WET_E,2025,IND_NM_CMT,882.7611215833332
IND_NM_CLK_WET_E,2030,IND_NM_CMT,882.7611215833332
IND_NM_CLK_WET_E,2040,IND_NM_CMT,882.7611215833332
IND_NM_CLK_WET_E,2050,IND_NM_CMT,882.7611215833332
IND_CH_HVC_NAPSC_N,2025,IND_CH_HVC,876.0140950505534
IND_CH_HVC_NAPSC_N,2030,IND_CH_HVC,873.74649931694
IND_CH_HVC_NAPSC_N,2040,IND_CH_HVC,873.74649931694
IND_CH_HVC_NAPSC_N,2050,IND_CH_HVC,873.74649931694
IND_CH_HVC_ETHSC_N,2025,IND_CH_HVC,645.6374674012953
IND_CH_HVC_ETHSC_N,2030,IND_CH_HVC,667.0214793650795
IND_CH_HVC_ETHSC_N,2040,IND_CH_HVC,667.0214793650795
IND_CH_HVC_ETHSC_N,2050,IND_CH_HVC,667.0214793650795
IND_CH_HVC_GSOSC_N,2025,IND_CH_HVC,802.4411318138698
IND_CH_HVC_GSOSC_N,2030,IND_CH_HVC,785.0635960591133
IND_CH_HVC_GSOSC_N,2040,IND_CH_HVC,785.0635960591133
IND_CH_HVC_GSOSC_N,2050,IND_CH_HVC,785.0635960591133
IND_CH_HVC_LPGSC_N,2025,IND_CH_HVC,755.6900816147543
IND_CH_HVC_LPGSC_N,2030,IND_CH_HVC,776.4207048458148
IND_CH_HVC_LPGSC_N,2040,IND_CH_HVC,776.4207048458148
IND_CH_HVC_LPGSC_N,2050,IND_CH_HVC,776.4207048458148
IND_CH_HVC_NCC_N,2025,IND_CH_HVC,758.7000368053001
IND_CH_HVC_NCC_N,2030,IND_CH_HVC,720.7650349650349
IND_CH_HVC_NCC_N,2040,IND_CH_HVC,720.7650349650349
IND_CH_HVC_NCC_N,2050,IND_CH_HVC,720.7650349650349
IND_CH_HVC_BDH_N,2025,IND_CH_HVC,12.207780952380954
IND_CH_HVC_BDH_N,2030,IND_CH_HVC,12.207780952380954
IND_CH_HVC_BDH_N,2040,IND_CH_HVC,12.207780952380954
IND_CH_HVC_BDH_N,2050,IND_CH_HVC,12.207780952380954
IND_CH_AMM_NGASR_N,2025,IND_CH_AMM,1053.1846859934199
IND_CH_AMM_NGASR_N,2030,IND_CH_AMM,957.3315714285716
IND_CH_AMM_NGASR_N,2040,IND_CH_AMM,957.3315714285716
IND_CH_AMM_NGASR_N,2050,IND_CH_AMM,957.3315714285716
IND_CH_AMM_NGASR_CCS_N,2025,IND_CH_AMM,8.549148672566536
IND_CH_AMM_NGASR_CCS_N,2030,IND_CH_AMM,8.549148672566536
IND_CH_AMM_NGASR_CCS_N,2040,IND_CH_AMM,8.549148672566536
IND_CH_AMM_NGASR_CCS_N,2050,IND_CH_AMM,8.549148672566536
IND_CH_AMM_NAPPOX_N,2025,IND_CH_AMM,1791.5129101305718
IND_CH_AMM_NAPPOX_N,2030,IND_CH_AMM,1707.5500212856539
IND_CH_AMM_NAPPOX_N,2040,IND_CH_AMM,1707.5500212856539
IND_CH_AMM_NAPPOX_N,2050,IND_CH_AMM,1707.5500212856539
IND_CH_AMM_COAGSF_N,2025,IND_CH_AMM,2725.861483804401
IND_CH_AMM_COAGSF_N,2030,IND_CH_AMM,2605.7898884851525
IND_CH_AMM_COAGSF_N,2040,IND_CH_AMM,2605.7898884851525
IND_CH_AMM_COAGSF_N,2050,IND_CH_AMM,2605.7898884851525
IND_CH_AMM_BIOGSF_N,2025,IND_CH_AMM,198.06559161753552
IND_CH_AMM_BIOGSF_N,2030,IND_CH_AMM,198.06559161753552
IND_CH_AMM_BIOGSF_N,2040,IND_CH_AMM,198.06559161753552
IND_CH_AMM_BIOGSF_N,2050,IND_CH_AMM,198.06559161753552
IND_CH_MTH_NGASR_N,2025,IND_CH_MTH,772.7775855855856
IND_CH_MTH_NGASR_N,2030,IND_CH_MTH,772.7775855855856
IND_CH_MTH_NGASR_N,2040,IND_CH_MTH,772.7775855855856
IND_CH_MTH_NGASR_N,2050,IND_CH_MTH,772.7775855855856
IND_CH_MTH_NGASR_CCS_N,2025,IND_CH_MTH,4.554385585585546
IND_CH_MTH_NGASR_CCS_N,2030,IND_CH_MTH,4.554385585585546
IND_CH_MTH_NGASR_CCS_N,2040,IND_CH_MTH,4.554385585585546
IND_CH_MTH_NGASR_CCS_N,2050,IND_CH_MTH,4.554385585585546
IND_CH_MTH_COGSR_N,2025,IND_CH_MTH,2739.5808015463917
IND_CH_MTH_COGSR_N,2030,IND_CH_MTH,2679.161565217391
IND_CH_MTH_COGSR_N,2040,IND_CH_MTH,2679.161565217391
IND_CH_MTH_COGSR_N,2050,IND_CH_MTH,2679.161565217391
IND_CH_MTH_LPGSR_N,2025,IND_CH_MTH,843.5617021276596
IND_CH_MTH_LPGSR_N,2030,IND_CH_MTH,824.4260869565217
IND_CH_MTH_LPGSR_N,2040,IND_CH_MTH,824.4260869565217
IND_CH_MTH_LPGSR_N,2050,IND_CH_MTH,824.4260869565217
IND_CH_MTH_COAGSF_N,2025,IND_CH_MTH,2524.415185687847
IND_CH_MTH_COAGSF_N,2030,IND_CH_MTH,2471.0610000000006
IND_CH_MTH_COAGSF_N,2040,IND_CH_MTH,2471.0610000000006
IND_CH_MTH_COAGSF_N,2050,IND_CH_MTH,2471.0610000000006
IND_CH_MTH_BIOGSF_N,2025,IND_CH_MTH,213.57426108374383
IND_CH_MTH_BIOGSF_N,2030,IND_CH_MTH,213.57426108374383
IND_CH_MTH_BIOGSF_N,2040,IND_CH_MTH,213.57426108374383
IND_CH_MTH_BIOGSF_N,2050,IND_CH_MTH,213.57426108374383
IND_IS_BOF_BFBOF_N,2025,IND_IS_BOF,586.7749117701783
IND_IS_BOF_BFBOF_N,2030,IND_IS_BOF,578.2537754959843
IND_IS_BOF_BFBOF_N,2040,IND_IS_BOF,561.9330103702648
IND_IS_BOF_BFBOF_N,2050,IND_IS_BOF,546.5082384500745
IND_IS_BOF_BFBOF_CCS_N,2030,IND_IS_BOF,140.26740841248295
IND_IS_BOF_BFBOF_CCS_N,2040,IND_IS_BOF,131.6361439261264
IND_IS_BOF_BFBOF_CCS_N,2050,IND_IS_BOF,127.1482808280828
IND_IS_BOF_BFTGRBOF_CCS_N,2040,IND_IS_BOF,136.0486691658857
IND_IS_BOF_BFTGRBOF_CCS_N,2050,IND_IS_BOF,136.0486691658857
IND_IS_DRI_DRIEAF_N,2025,IND_IS_EAF,24.697864430016185
IND_IS_DRI_DRIEAF_N,2030,IND_IS_EAF,24.158256293026536
IND_IS_DRI_DRIEAF_N,2040,IND_IS_EAF,24.158256293026536
IND_IS_DRI_DRIEAF_N,2050,IND_IS_EAF,24.158256293026536
IND_IS_DRI_DRIEAF_CCS_N,2030,IND_IS_EAF,5.873748111877098
IND_IS_DRI_DRIEAF_CCS_N,2040,IND_IS_EAF,5.873748111877098
IND_IS_DRI_DRIEAF_CCS_N,2050,IND_IS_EAF,5.873748111877098
IND_IS_DRI_HDREAF_N,2030,IND_IS_EAF,28.810036757198294
IND_IS_DRI_HDREAF_N,2040,IND_IS_EAF,28.810036757198294
IND_IS_DRI_HDREAF_N,2050,IND_IS_EAF,28.810036757198294
IND_IS_BOF_HISBOF_N,2025,IND_IS_BOF,1276.9976038251366
IND_IS_BOF_HISBOF_N,2030,IND_IS_BOF,1148.3565675675675
IND_IS_BOF_HISBOF_N,2040,IND_IS_BOF,1148.3565675675675
IND_IS_BOF_HISBOF_N,2050,IND_IS_BOF,1148.3565675675675
IND_IS_BOF_HISBOF_CCS_N,2030,IND_IS_BOF,272.7364033660588
IND_IS_BOF_HISBOF_CCS_N,2040,IND_IS_BOF,272.7364033660588
IND_IS_BOF_HISBOF_CCS_N,2050,IND_IS_BOF,272.7364033660588
IND_IS_BOF_ULCOWIN_N,2030,IND_IS_BOF,216.11219375000002
IND_IS_BOF_ULCOWIN_N,2040,IND_IS_BOF,216.11219375000002
IND_IS_BOF_ULCOWIN_N,2050,IND_IS_BOF,216.11219375000002
IND_IS_BOF_ULCOLYSIS_N,2030,IND_IS_BOF,71.0968188976378
IND_IS_BOF_ULCOLYSIS_N,2040,IND_IS_BOF,71.0968188976378
IND_IS_BOF_ULCOLYSIS_N,2050,IND_IS_BOF,71.0968188976378
IND_IS_BOF_ULCORED_CCS_N,2030,IND_IS_EAF,3.7878262197075916
IND_IS_BOF_ULCORED_CCS_N,2040,IND_IS_EAF,3.7878262197075916
IND_IS_BOF_ULCORED_CCS_N,2050,IND_IS_EAF,3.7878262197075916
IND_NF_ALU_HLH_N,2025,IND_NF_ALU,138.7007159649498
IND_NF_ALU_HLH_N,2030,IND_NF_ALU,135.6564903846154
IND_NF_ALU_HLH_N,2040,IND_NF_ALU,135.6564903846154
IND_NF_ALU_HLH_N,2050,IND_NF_ALU,135.6564903846154
IND_NF_ALU_SEC_N,2025,IND_NF_ALU,201.6381253962784
IND_NF_ALU_SEC_N,2030,IND_NF_ALU,197.220707751938
IND_NF_ALU_SEC_N,2040,IND_NF_ALU,197.220707751938
IND_NF_ALU_SEC_N,2050,IND_NF_ALU,197.220707751938
IND_NF_ALU_HLHIA_N,2030,IND_NF_ALU,119.5616525423729
IND_NF_ALU_HLHIA_N,2040,IND_NF_ALU,119.5616525423729
IND_NF_ALU_HLHIA_N,2050,IND_NF_ALU,119.5616525423729
IND_NF_ALU_CBT_N,2050,IND_NF_ALU,107.28726235741445
IND_NM_CLK_DRY_N,2025,IND_NM_CLK,679.0924816333475
IND_NM_CLK_DRY_N,2030,IND_NM_CLK,675.2941228708133
IND_NM_CLK_DRY_N,2040,IND_NM_CLK,675.2941228708133
IND_NM_CLK_DRY_N,2050,IND_NM_CLK,675.2941228708133
IND_NM_CLK_DRY_BIO_N,2025,IND_NM_CLK,521.2163277903021
IND_NM_CLK_DRY_BIO_N,2030,IND_NM_CLK,520.8664808133971
IND_NM_CLK_DRY_BIO_N,2040,IND_NM_CLK,520.8664808133971
IND_NM_CLK_DRY_BIO_N,2050,IND_NM_CLK,520.8664808133971
IND_NM_CLK_WET_N,2025,IND_NM_CLK,992.3463768138769
IND_NM_CLK_WET_N,2030,IND_NM_CLK,981.8181688227303
IND_NM_CLK_WET_N,2040,IND_NM_CLK,981.8181688227303
IND_NM_CLK_WET_N,2050,IND_NM_CLK,981.8181688227303
IND_NM_CLK_DRYCL_PCCS_N,2025,IND_NM_CLK,-4.538053554987212
IND_NM_CLK_DRYCL_PCCS_N,2030,IND_NM_CLK,-4.538053554987212
IND_NM_CLK_DRYCL_PCCS_N,2040,IND_NM_CLK,-4.538053554987212
IND_NM_CLK_DRYCL_PCCS_N,2050,IND_NM_CLK,-4.538053554987212
IND_NM_CLK_DRYCL_PCCS_BIO_N,2025,IND_NM_CLK,-221.1998821483376
IND_NM_CLK_DRYCL_PCCS_BIO_N,2030,IND_NM_CLK,-221.1998821483376
IND_NM_CLK_DRYCL_PCCS_BIO_N,2040,IND_NM_CLK,-221.1998821483376
IND_NM_CLK_DRYCL_PCCS_BIO_N,2050,IND_NM_CLK,-221.1998821483376
IND_NM_CLK_DRYCL_OCCS_N,2030,IND_NM_CLK,2.899708297872332
IND_NM_CLK_DRYCL_OCCS_N,2040,IND_NM_CLK,2.899708297872332
IND_NM_CLK_DRYCL_OCCS_N,2050,IND_NM_CLK,2.899708297872332
IND_NM_CLK_DRYCL_OCCS_BIO_N,2030,IND_NM_CLK,-221.4057699468085
IND_NM_CLK_DRYCL_OCCS_BIO_N,2040,IND_NM_CLK,-221.4057699468085
IND_NM_CLK_DRYCL_OCCS_BIO_N,2050,IND_NM_CLK,-221.4057699468085
IND_NM_CEM_AAC_N,2030,IND_NM_CMT,94.48960504201682
IND_NM_CEM_AAC_N,2040,IND_NM_CMT,94.48960504201682
IND_NM_CEM_AAC_N,2050,IND_NM_CMT,94.48960504201682
IND_NM_CEM_BEL_N,2030,IND_NM_CMT,302.9052141732284
IND_NM_CEM_BEL_N,2040,IND_NM_CMT,302.9052141732284
IND_NM_CEM_BEL_N,2050,IND_NM_CMT,302.9052141732284
IND_CHP_NGA_CI_N,2025,ELC_DST,132.43099871381955
IND_CHP_NGA_CI_N,2030,ELC_DST,125.13371731008718
IND_CHP_NGA_CI_N,2040,ELC_DST,122.40466863858022
IND_CHP_NGA_CI_N,2050,ELC_DST,119.76802050120683
IND_CHP_NGA_TG_N,2025,ELC_DST,173.04235714697572
IND_CHP_NGA_TG_N,2030,ELC_DST,160.5882705479452
IND_CHP_NGA_TG_N,2040,ELC_DST,160.5882705479452
IND_CHP_NGA_TG_N,2050,ELC_DST,160.5882705479452
IND_CHP_NGA_TV_N,2025,ELC_DST,312.2995337995338
IND_CHP_NGA_TV_N,2030,ELC_DST,295.55191974368404
IND_CHP_NGA_TV_N,2040,ELC_DST,295.55191974368404
IND_CHP_NGA_TV_N,2050,ELC_DST,295.55191974368404
ELC_COA_COND_E,2025,ELC_CEN,318.05078125
ELC_COA_COND_E,2030,ELC_CEN,318.05078125
ELC_COA_COND_E,2040,ELC_CEN,318.05078125
ELC_COA_COND_E,2050,ELC_CEN,318.05078125
ELC_COA_OIL_E,2025,ELC_CEN,365.1582740740741
ELC_COA_OIL_E,2030,ELC_CEN,365.1582740740741
ELC_COA_OIL_E,2040,ELC_CEN,365.1582740740741
ELC_COA_OIL_E,2050,ELC_CEN,365.1582740740741
ELC_NGA_CC_E,2025,ELC_CEN,122.32636956521739
ELC_NGA_CC_E,2030,ELC_CEN,122.32636956521739
ELC_NGA_CC_E,2040,ELC_CEN,122.32636956521739
ELC_NGA_CC_E,2050,ELC_CEN,122.32636956521739
ELC_NGA_OIL_E,2025,ELC_CEN,238.56072799999998
ELC_NGA_OIL_E,2030,ELC_CEN,238.56072799999998
ELC_NGA_OIL_E,2040,ELC_CEN,238.56072799999998
ELC_NGA_OIL_E,2050,ELC_CEN,238.56072799999998
ELC_NGA_STM_REP_E,2025,ELC_CEN,133.97650000000002
ELC_NGA_STM_REP_E,2030,ELC_CEN,133.97650000000002
ELC_NGA_STM_REP_E,2040,ELC_CEN,133.97650000000002
ELC_NGA_STM_REP_E,2050,ELC_CEN,133.97650000000002
ELC_NGA_TURB_E,2025,ELC_CEN,133.97650000000002
ELC_NGA_TURB_E,2030,ELC_CEN,133.97650000000002
ELC_NGA_TURB_E,2040,ELC_CEN,133.97650000000002
ELC_NGA_TURB_E,2050,ELC_CEN,133.97650000000002
ELC_NGA_MIN_E,2025,ELC_CEN,160.7718
ELC_NGA_MIN_E,2030,ELC_CEN,160.7718
ELC_NGA_MIN_E,2040,ELC_CEN,160.7718
ELC_NGA_MIN_E,2050,ELC_CEN,160.7718
ELC_DST_TURB_E,2025,ELC_CEN,298.3437407407407
ELC_DST_TURB_E,2030,ELC_CEN,298.3437407407407
ELC_DST_TURB_E,2040,ELC_CEN,298.3437407407407
ELC_DST_TURB_E,2050,ELC_CEN,298.3437407407407
ELC_OIL_STM_E,2025,ELC_CEN,298.3437407407407
ELC_OIL_STM_E,2030,ELC_CEN,298.3437407407407
ELC_OIL_STM_E,2040,ELC_CEN,298.3437407407407
ELC_OIL_STM_E,2050,ELC_CEN,298.3437407407407
ELC_BGS_E,2025,ELC_DST,21.542857142857148
ELC_BGS_E,2030,ELC_DST,21.542857142857148
ELC_BGS_E,2040,ELC_DST,21.542857142857148
ELC_BGS_E,2050,ELC_DST,21.542857142857148
ELC_BIO_CEN_E,2025,ELC_CEN,8.130434782608695
ELC_BIO_CEN_E,2030,ELC_CEN,8.130434782608695
ELC_BIO_CEN_E,2040,ELC_CEN,8.130434782608695
ELC_BIO_CEN_E,2050,ELC_CEN,8.130434782608695
ELC_BIO_DST_E,2025,ELC_DST,8.130434782608695
ELC_BIO_DST_E,2030,ELC_DST,8.130434782608695
ELC_BIO_DST_E,2040,ELC_DST,8.130434782608695
ELC_BIO_DST_E,2050,ELC_DST,8.130434782608695
ELC_CHP_GASDER_CC_E,2025,ELC_CEN,108.52484088717455
ELC_CHP_GASDER_CC_E,2030,ELC_CEN,108.52484088717455
ELC_CHP_GASDER_CC_E,2040,ELC_CEN,108.52484088717455
ELC_CHP_GASDER_CC_E,2050,ELC_CEN,108.52484088717455
ELC_CHP_GASDER_CC_E,2025,HET,169.74398190045247
ELC_CHP_GASDER_CC_E,2030,HET,169.74398190045247
ELC_CHP_GASDER_CC_E,2040,HET,169.74398190045247
ELC_CHP_GASDER_CC_E,2050,HET,169.74398190045247
ELC_CHP_NGA_CC_E,2025,ELC_CEN,110.07458920187796
ELC_CHP_NGA_CC_E,2030,ELC_CEN,110.07458920187796
ELC_CHP_NGA_CC_E,2040,ELC_CEN,110.07458920187796
ELC_CHP_NGA_CC_E,2050,ELC_CEN,110.07458920187796
ELC_CHP_NGA_CC_E,2025,HET,283.04894366197186
ELC_CHP_NGA_CC_E,2030,HET,283.04894366197186
ELC_CHP_NGA_CC_E,2040,HET,283.04894366197186
ELC_CHP_NGA_CC_E,2050,HET,283.04894366197186
ELC_CHP_NGA_TURB_CEN_E,2025,ELC_CEN,154.58826923076924
ELC_CHP_NGA_TURB_CEN_E,2030,ELC_CEN,154.58826923076924
ELC_CHP_NGA_TURB_CEN_E,2040,ELC_CEN,154.58826923076924
ELC_CHP_NGA_TURB_CEN_E,2050,ELC_CEN,154.58826923076924
ELC_CHP_NGA_TURB_CEN_E,2025,HET,167.470625
ELC_CHP_NGA_TURB_CEN_E,2030,HET,167.470625
ELC_CHP_NGA_TURB_CEN_E,2040,HET,167.470625
ELC_CHP_NGA_TURB_CEN_E,2050,HET,167.470625
ELC_CHP_NGA_TURB_DST_E,2025,ELC_DST,167.47062500000004
ELC_CHP_NGA_TURB_DST_E,2030,ELC_DST,167.47062500000004
ELC_CHP_NGA_TURB_DST_E,2040,ELC_DST,167.47062500000004
ELC_CHP_NGA_TURB_DST_E,2050,ELC_DST,167.47062500000004
ELC_CHP_NGA_TURB_DST_E,2025,HET,154.58826923076924
ELC_CHP_NGA_TURB_DST_E,2030,HET,154.58826923076924
ELC_CHP_NGA_TURB_DST_E,2040,HET,154.58826923076924
ELC_CHP_NGA_TURB_DST_E,2050,HET,154.58826923076924
ELC_CHP_NGA_STM_COND_E,2025,ELC_CEN,154.1647397260274
ELC_CHP_NGA_STM_COND_E,2030,ELC_CEN,154.1647397260274
ELC_CHP_NGA_STM_COND_E,2040,ELC_CEN,154.1647397260274
ELC_CHP_NGA_STM_COND_E,2050,ELC_CEN,154.1647397260274
ELC_CHP_NGA_STM_COND_E,2025,HET,154.1647397260274
ELC_CHP_NGA_STM_COND_E,2030,HET,154.1647397260274
ELC_CHP_NGA_STM_COND_E,2040,HET,154.1647397260274
ELC_CHP_NGA_STM_COND_E,2050,HET,154.1647397260274
ELC_CHP_OIL_STM_COND_CEN_E,2025,ELC_CEN,232.4756421356421
ELC_CHP_OIL_STM_COND_CEN_E,2030,ELC_CEN,232.4756421356421
ELC_CHP_OIL_STM_COND_CEN_E,2040,ELC_CEN,232.4756421356421
ELC_CHP_OIL_STM_COND_CEN_E,2050,ELC_CEN,232.4756421356421
ELC_CHP_OIL_STM_COND_CEN_E,2025,HET,395.8369041769041
ELC_CHP_OIL_STM_COND_CEN_E,2030,HET,395.8369041769041
ELC_CHP_OIL_STM_COND_CEN_E,2040,HET,395.8369041769041
ELC_CHP_OIL_STM_COND_CEN_E,2050,HET,395.8369041769041
ELC_CHP_OIL_STM_COND_DST_E,2025,ELC_DST,395.8369041769041
ELC_CHP_OIL_STM_COND_DST_E,2030,ELC_DST,395.8369041769041
ELC_CHP_OIL_STM_COND_DST_E,2040,ELC_DST,395.8369041769041
ELC_CHP_OIL_STM_COND_DST_E,2050,ELC_DST,395.8369041769041
ELC_CHP_OIL_STM_COND_DST_E,2025,HET,232.4756421356421
ELC_CHP_OIL_STM_COND_DST_E,2030,HET,232.4756421356421
ELC_CHP_OIL_STM_COND_DST_E,2040,HET,232.4756421356421
ELC_CHP_OIL_STM_COND_DST_E,2050,HET,232.4756421356421
ELC_CHP_BMU_E,2025,ELC_CEN,412.3599431818182
ELC_CHP_BMU_E,2030,ELC_CEN,412.3599431818182
ELC_CHP_BMU_E,2040,ELC_CEN,412.3599431818182
ELC_CHP_BMU_E,2050,ELC_CEN,412.3599431818182
ELC_CHP_BMU_E,2025,HET,323.9970982142857
ELC_CHP_BMU_E,2030,HET,323.9970982142857
ELC_CHP_BMU_E,2040,HET,323.9970982142857
ELC_CHP_BMU_E,2050,HET,323.9970982142857
ELC_CHP_BGS_COG_E,2025,ELC_CEN,25.38720538720539
ELC_CHP_BGS_COG_E,2030,ELC_CEN,25.38720538720539
ELC_CHP_BGS_COG_E,2040,ELC_CEN,25.38720538720539
ELC_CHP_BGS_COG_E,2050,ELC_CEN,25.38720538720539
ELC_CHP_BGS_COG_E,2025,HET,20.771349862258955
ELC_CHP_BGS_COG_E,2030,HET,20.771349862258955
ELC_CHP_BGS_COG_E,2040,HET,20.771349862258955
ELC_CHP_BGS_COG_E,2050,HET,20.771349862258955
ELC_CHP_COA_IGCC_E,2025,ELC_CEN,274.10786426070564
ELC_CHP_COA_IGCC_E,2030,ELC_CEN,274.10786426070564
ELC_CHP_COA_IGCC_E,2040,ELC_CEN,274.10786426070564
ELC_CHP_COA_IGCC_E,2050,ELC_CEN,274.10786426070564
ELC_CHP_COA_IGCC_E,2025,HET,1031.1676798378928
ELC_CHP_COA_IGCC_E,2030,HET,1031.1676798378928
ELC_CHP_COA_IGCC_E,2040,HET,1031.1676798378928
ELC_CHP_COA_IGCC_E,2050,HET,1031.1676798378928
ELC_CHP_BIO_CEN_E,2025,ELC_CEN,8.119843682153713
ELC_CHP_BIO_CEN_E,2030,ELC_CEN,8.119843682153713
ELC_CHP_BIO_CEN_E,2040,ELC_CEN,8.119843682153713
ELC_CHP_BIO_CEN_E,2050,ELC_CEN,8.119843682153713
ELC_CHP_BIO_CEN_E,2025,HET,7.2006160954948015
ELC_CHP_BIO_CEN_E,2030,HET,7.2006160954948015
ELC_CHP_BIO_CEN_E,2040,HET,7.2006160954948015
ELC_CHP_BIO_CEN_E,2050,HET,7.2006160954948015
HET_NGA_E,2025,HET,70.3376625
HET_NGA_E,2030,HET,70.3376625
HET_NGA_E,2040,HET,70.3376625
HET_NGA_E,2050,HET,70.3376625
ELC_COA_STM_P,2025,ELC_CEN,242.3244047619048
ELC_COA_STM_P,2030,ELC_CEN,242.3244047619048
ELC_COA_STM_P,2040,ELC_CEN,242.3244047619048
ELC_COA_STM_P,2050,ELC_CEN,242.3244047619048
ELC_NGA_CC_P,2025,ELC_CEN,119.72368085106385
ELC_NGA_CC_P,2030,ELC_CEN,119.72368085106385
ELC_NGA_CC_P,2040,ELC_CEN,119.72368085106385
ELC_NGA_CC_P,2050,ELC_CEN,119.72368085106385
ELC_CHP_NGA_CC_P,2025,ELC_CEN,151.92950292950292
ELC_CHP_NGA_CC_P,2030,ELC_CEN,171.15348115703986
ELC_CHP_NGA_CC_P,2040,ELC_CEN,229.08026136340501
ELC_CHP_NGA_CC_P,2050,ELC_CEN,346.27772307692305
ELC_CHP_NGA_CC_P,2025,HET,201.2306619461431
ELC_CHP_NGA_CC_P,2030,HET,175.17084332098497
ELC_CHP_NGA_CC_P,2040,HET,139.1567766745391
ELC_CHP_NGA_CC_P,2050,HET,115.42590769230769
ELC_CHP_NGA_TURB_P,2025,ELC_CEN,206.3520114415637
ELC_CHP_NGA_TURB_P,2030,ELC_CEN,223.60295169519813
ELC_CHP_NGA_TURB_P,2040,ELC_CEN,268.49510440126727
ELC_CHP_NGA_TURB_P,2050,ELC_CEN,335.94107462686566
ELC_CHP_NGA_TURB_P,2025,HET,141.62777176512043
ELC_CHP_NGA_TURB_P,2030,HET,134.50555518372263
ELC_CHP_NGA_TURB_P,2040,HET,122.21372039685158
ELC_CHP_NGA_TURB_P,2050,HET,111.98035820895522
ELC_NGA_TURB_L80MW_N,2025,ELC_CEN,114.837
ELC_NGA_TURB_L80MW_N,2030,ELC_CEN,114.837
ELC_NGA_TURB_L80MW_N,2040,ELC_CEN,114.837
ELC_NGA_TURB_L80MW_N,2050,ELC_CEN,114.837
ELC_NGA_TURB_L300MW_N,2025,ELC_CEN,127.88665909090909
ELC_NGA_TURB_L300MW_N,2030,ELC_CEN,127.88665909090909
ELC_NGA_TURB_L300MW_N,2040,ELC_CEN,127.88665909090909
ELC_NGA_TURB_L300MW_N,2050,ELC_CEN,127.88665909090909
ELC_NGA_CC_L3000MW_N,2025,ELC_CEN,95.77894468085108
ELC_NGA_CC_L3000MW_N,2030,ELC_CEN,93.78355
ELC_NGA_CC_L3000MW_N,2040,ELC_CEN,87.922078125
ELC_NGA_CC_L3000MW_N,2050,ELC_CEN,86.56943076923076
ELC_COA_STM_H500MW_N,2025,ELC_CEN,221.25271739130434
ELC_COA_STM_H500MW_N,2030,ELC_CEN,212.03385416666669
ELC_COA_STM_H500MW_N,2040,ELC_CEN,203.5525
ELC_COA_STM_H500MW_N,2050,ELC_CEN,199.56127450980392
ELC_OIL_STM_L2500MW_N,2025,ELC_CEN,172.30547593582887
ELC_OIL_STM_L2500MW_N,2030,ELC_CEN,167.81835416666667
ELC_OIL_STM_L2500MW_N,2040,ELC_CEN,164.39348979591836
ELC_OIL_STM_L2500MW_N,2050,ELC_CEN,164.39348979591836
ELC_BIO_5C_N,2025,ELC_CEN,6.008032128514056
ELC_BIO_5C_N,2030,ELC_CEN,5.666666666666667
ELC_BIO_5C_N,2040,ELC_CEN,5.342857142857143
ELC_BIO_5C_N,2050,ELC_CEN,5.194444444444445
ELC_BIO_12C_N,2025,ELC_CEN,6.008032128514056
ELC_BIO_12C_N,2030,ELC_CEN,5.666666666666667
ELC_BIO_12C_N,2040,ELC_CEN,5.342857142857143
ELC_BIO_12C_N,2050,ELC_CEN,5.342857142857143
ELC_BIO_5C_COA_N,2025,ELC_CEN,191.99921875
ELC_BIO_5C_COA_N,2030,ELC_CEN,191.99921875
ELC_BIO_5C_COA_N,2040,ELC_CEN,191.99921875
ELC_BIO_5C_COA_N,2050,ELC_CEN,191.99921875
ELC_BIO_12C_COA_N,2025,ELC_CEN,191.99921875
ELC_BIO_12C_COA_N,2030,ELC_CEN,191.99921875
ELC_BIO_12C_COA_N,2040,ELC_CEN,191.99921875
ELC_BIO_12C_COA_N,2050,ELC_CEN,191.99921875
ELC_BGS_AGR_N,2025,ELC_DST,23.562500000000004
ELC_BGS_AGR_N,2030,ELC_DST,23.562500000000004
ELC_BGS_AGR_N,2040,ELC_DST,23.562500000000004
ELC_BGS_AGR_N,2050,ELC_DST,23.562500000000004
ELC_BGS_LAN_N,2025,ELC_DST,23.562500000000004
ELC_BGS_LAN_N,2030,ELC_DST,23.562500000000004
ELC_BGS_LAN_N,2040,ELC_DST,23.562500000000004
ELC_BGS_LAN_N,2050,ELC_DST,23.562500000000004
ELC_CHP_BMU_N,2025,ELC_CEN,342.0676355066771
ELC_CHP_BMU_N,2030,ELC_CEN,342.0676355066771
ELC_CHP_BMU_N,2040,ELC_CEN,342.0676355066771
ELC_CHP_BMU_N,2050,ELC_CEN,342.0676355066771
ELC_CHP_BMU_N,2025,HET,694.5009569377991
ELC_CHP_BMU_N,2030,HET,694.5009569377991
ELC_CHP_BMU_N,2040,HET,694.5009569377991
ELC_CHP_BMU_N,2050,HET,694.5009569377991
ELC_CHP_NGA_TURB_N,2025,ELC_CEN,157.4204214484161
ELC_CHP_NGA_TURB_N,2030,ELC_CEN,153.26219146822547
ELC_CHP_NGA_TURB_N,2040,ELC_CEN,145.40085271317832
ELC_CHP_NGA_TURB_N,2050,ELC_CEN,145.40085271317832
ELC_CHP_NGA_TURB_N,2025,HET,121.89189481917812
ELC_CHP_NGA_TURB_N,2030,HET,120.86084818161439
ELC_CHP_NGA_TURB_N,2040,HET,118.964334038055
ELC_CHP_NGA_TURB_N,2050,HET,118.964334038055
ELC_CHP_NGA_CC_N,2025,ELC_CEN,93.44248493000549
ELC_CHP_NGA_CC_N,2030,ELC_CEN,91.58102631707438
ELC_CHP_NGA_CC_N,2040,ELC_CEN,88.05967136150235
ELC_CHP_NGA_CC_N,2050,ELC_CEN,88.05967136150235
ELC_CHP_NGA_CC_N,2025,HET,188.94640878412412
ELC_CHP_NGA_CC_N,2030,HET,197.04496270616661
ELC_CHP_NGA_CC_N,2040,HET,215.594367816092
ELC_CHP_NGA_CC_N,2050,HET,215.594367816092
ELC_CHP_NGA_CP_N,2025,ELC_CEN,334.94125
ELC_CHP_NGA_CP_N,2030,ELC_CEN,334.94125
ELC_CHP_NGA_CP_N,2040,ELC_CEN,334.94125
ELC_CHP_NGA_CP_N,2050,ELC_CEN,334.94125
ELC_CHP_NGA_CP_N,2025,HET,83.7353125
ELC_CHP_NGA_CP_N,2030,HET,83.7353125
ELC_CHP_NGA_CP_N,2040,HET,83.7353125
ELC_CHP_NGA_CP_N,2050,HET,83.7353125
ELC_CHP_NGA_TAP_N,2025,ELC_CEN,238.54044661149024
ELC_CHP_NGA_TAP_N,2030,ELC_CEN,235.22650938909982
ELC_CHP_NGA_TAP_N,2040,ELC_CEN,228.74036585365857
ELC_CHP_NGA_TAP_N,2050,ELC_CEN,228.74036585365857
ELC_CHP_NGA_TAP_N,2025,HET,97.8584345216225
ELC_CHP_NGA_TAP_N,2030,HET,97.90832900362051
ELC_CHP_NGA_TAP_N,2040,HET,98.03158536585369
ELC_CHP_NGA_TAP_N,2050,HET,98.03158536585369
HET_NGA_N,2025,HET,70.3376625
HET_NGA_N,2030,HET,70.3376625
HET_NGA_N,2040,HET,70.3376625
HET_NGA_N,2050,HET,70.3376625
HET_OIL_N,2025,HET,100.69101249999999
HET_OIL_N,2030,HET,100.69101249999999
HET_OIL_N,2040,HET,100.69101249999999
HET_OIL_N,2050,HET,100.69101249999999
HET_COA_N,2025,HET,127.2203125
HET_COA_N,2030,HET,127.2203125
HET_COA_N,2040,HET,127.2203125
HET_COA_N,2050,HET,127.2203125
H2_SMR_CL,2025,H2_CU,74.1
H2_SMR_CL,2030,H2_CU,70.1
H2_SMR_CL,2040,H2_CU,70.1
H2_SMR_CL,2050,H2_CU,70.1
H2_SMR_CS,2025,H2_CT,88.4
H2_SMR_CS,2030,H2_CT,83.0
H2_SMR_CS,2040,H2_CT,83.0
H2_SMR_CS,2050,H2_CT,83.0
H2_SMR_DM,2025,H2_DT,71.2
H2_SMR_DM,2030,H2_DT,71.2
H2_SMR_DM,2040,H2_DT,71.2
H2_SMR_DM,2050,H2_DT,71.2
H2_SMR_DS,2025,H2_DT,101.5
H2_SMR_DS,2030,H2_DT,87.0
H2_SMR_DS,2040,H2_DT,87.0
H2_SMR_DS,2050,H2_DT,87.0
H2_COA_CL,2025,H2_CU,173.90000000000003
H2_COA_CL,2030,H2_CU,122.8
H2_COA_CL,2040,H2_CU,122.8
H2_COA_CL,2050,H2_CU,122.8
H2_COA_CM,2025,H2_CU,344.0
H2_COA_CM,2030,H2_CU,344.0
H2_COA_CM,2040,H2_CU,344.0
H2_COA_CM,2050,H2_CU,344.0
H2_HOPO,2025,H2_CT,100.6
H2_HOPO,2030,H2_CT,100.6
H2_HOPO,2040,H2_CT,100.6
H2_HOPO,2050,H2_CT,100.6
H2_SBR_C,2025,H2_CU,0.000136
H2_SBR_C,2030,H2_CU,0.000136
H2_SBR_C,2040,H2_CU,0.000136
H2_SBR_C,2050,H2_CU,0.000136
H2_SBG_DS,2025,H2_DT,0.0003
H2_SBG_DS,2030,H2_DT,0.0003
H2_SBG_DS,2040,H2_DT,0.0003
H2_SBG_DS,2050,H2_DT,0.0003
H2_SBG_CM,2025,H2_CT,0.00018
H2_SBG_CM,2030,H2_CT,0.00018
H2_SBG_CM,2040,H2_CT,0.00018
H2_SBG_CM,2050,H2_CT,0.00018
CCUS_H2_SMR_CL,2025,H2_CU,17.31
CCUS_H2_SMR_CL,2030,H2_CU,15.94
CCUS_H2_SMR_CL,2040,H2_CU,15.94
CCUS_H2_SMR_CL,2050,H2_CU,15.94
CCUS_H2_SMR_CS,2025,H2_CT,18.79
CCUS_H2_SMR_CS,2030,H2_CT,15.94
CCUS_H2_SMR_CS,2040,H2_CT,15.94
CCUS_H2_SMR_CS,2050,H2_CT,15.94
CCUS_H2_COA_CL,2025,H2_CU,36.35
CCUS_H2_COA_CL,2030,H2_CU,33.27
CCUS_H2_COA_CL,2040,H2_CU,33.27
CCUS_H2_COA_CL,2050,H2_CU,33.27
CCUS_H2_COA_CM,2025,H2_CU,35.32
CCUS_H2_COA_CM,2030,H2_CU,35.32
CCUS_H2_COA_CM,2040,H2_CU,35.32
CCUS_H2_COA_CM,2050,H2_CU,35.32
CCUS_H2_SBG_CM,2025,H2_CT,-161.03
CCUS_H2_SBG_CM,2030,H2_CT,-161.03
CCUS_H2_SBG_CM,2040,H2_CT,-161.03
CCUS_H2_SBG_CM,2050,H2_CT,-161.03
CCUS_ELC_IG_COA,2025,ELC_CEN,43.258529088913264
CCUS_ELC_IG_COA,2030,ELC_CEN,48.028529088913274
CCUS_ELC_IG_COA,2040,ELC_CEN,48.028529088913274
CCUS_ELC_IG_COA,2050,ELC_CEN,48.028529088913274
CCUS_ELC_OG_COA,2025,ELC_CEN,43.07465909090908
CCUS_ELC_OG_COA,2030,ELC_CEN,49.71965909090909
CCUS_ELC_OG_COA,2040,ELC_CEN,49.71965909090909
CCUS_ELC_OG_COA,2050,ELC_CEN,49.71965909090909
CCUS_ELC_OXY_COA,2025,ELC_CEN,32.00465909090909
CCUS_ELC_OXY_COA,2030,ELC_CEN,39.03965909090908
CCUS_ELC_OXY_COA,2040,ELC_CEN,39.03965909090908
CCUS_ELC_OXY_COA,2050,ELC_CEN,39.03965909090908
CCUS_ELC_SOFC_COA,2040,ELC_CEN,136.15578947368425
CCUS_ELC_SOFC_COA,2050,ELC_CEN,136.15578947368425
CCUS_ELC_OXY_NGA,2030,ELC_CEN,5.579327272727269
CCUS_ELC_OXY_NGA,2040,ELC_CEN,5.579327272727269
CCUS_ELC_OXY_NGA,2050,ELC_CEN,5.579327272727269
CCUS_DAC,2025,SNK_CO2,-1.0
CCUS_DAC,2030,SNK_CO2,-1.0
CCUS_DAC,2040,SNK_CO2,-1.0
CCUS_DAC,2050,SNK_CO2,-1.0
