CCUS_DAC,2025,SNK_CO2,emission_premium
CCUS_DAC,2025,SNK_CO2,emission_premium
CCUS_DAC,2030,SNK_CO2,emission_premium
CCUS_DAC,2030,SNK_CO2,emission_premium
CCUS_DAC,2040,SNK_CO2,emission_premium
CCUS_DAC,2040,SNK_CO2,emission_premium
CCUS_DAC,2050,SNK_CO2,emission_premium
CCUS_DAC,2050,SNK_CO2,emission_premium
CCUS_H2_COA_CL,2025,H2_CU,emission_premium
CCUS_H2_COA_CL,2025,H2_CU,emission_penalty
CCUS_H2_COA_CL,2030,H2_CU,emission_premium
CCUS_H2_COA_CL,2030,H2_CU,emission_penalty
CCUS_H2_COA_CL,2040,H2_CU,emission_premium
CCUS_H2_COA_CL,2040,H2_CU,emission_penalty
CCUS_H2_COA_CL,2050,H2_CU,emission_premium
CCUS_H2_COA_CL,2050,H2_CU,emission_penalty
CCUS_H2_COA_CM,2025,H2_CU,emission_penalty
CCUS_H2_COA_CM,2030,H2_CU,emission_penalty
CCUS_H2_COA_CM,2040,H2_CU,emission_penalty
CCUS_H2_COA_CM,2050,H2_CU,emission_penalty
CCUS_H2_SBG_CM,2025,H2_CT,emission_premium
CCUS_H2_SBG_CM,2025,H2_CT,emission_premium
CCUS_H2_SBG_CM,2030,H2_CT,emission_premium
CCUS_H2_SBG_CM,2030,H2_CT,emission_premium
CCUS_H2_SBG_CM,2040,H2_CT,emission_premium
CCUS_H2_SBG_CM,2040,H2_CT,emission_premium
CCUS_H2_SBG_CM,2050,H2_CT,emission_premium
CCUS_H2_SBG_CM,2050,H2_CT,emission_premium
CCUS_H2_SMR_CL,2025,H2_CU,emission_premium
CCUS_H2_SMR_CL,2025,H2_CU,emission_penalty
CCUS_H2_SMR_CL,2030,H2_CU,emission_premium
CCUS_H2_SMR_CL,2030,H2_CU,emission_penalty
CCUS_H2_SMR_CL,2040,H2_CU,emission_premium
CCUS_H2_SMR_CL,2040,H2_CU,emission_penalty
CCUS_H2_SMR_CL,2050,H2_CU,emission_premium
CCUS_H2_SMR_CL,2050,H2_CU,emission_penalty
CCUS_H2_SMR_CS,2025,H2_CT,emission_premium
CCUS_H2_SMR_CS,2025,H2_CT,emission_penalty
CCUS_H2_SMR_CS,2030,H2_CT,emission_premium
CCUS_H2_SMR_CS,2030,H2_CT,emission_penalty
CCUS_H2_SMR_CS,2040,H2_CT,emission_premium
CCUS_H2_SMR_CS,2040,H2_CT,emission_penalty
CCUS_H2_SMR_CS,2050,H2_CT,emission_premium
CCUS_H2_SMR_CS,2050,H2_CT,emission_penalty
H2_COA_CL,2025,H2_CU,emission_premium
H2_COA_CL,2025,H2_CU,emission_penalty
H2_COA_CL,2030,H2_CU,emission_premium
H2_COA_CL,2030,H2_CU,emission_penalty
H2_COA_CL,2040,H2_CU,emission_premium
H2_COA_CL,2040,H2_CU,emission_penalty
H2_COA_CL,2050,H2_CU,emission_premium
H2_COA_CL,2050,H2_CU,emission_penalty
H2_COA_CM,2025,H2_CU,emission_penalty
H2_COA_CM,2025,H2_CU,emission_penalty
H2_COA_CM,2030,H2_CU,emission_penalty
H2_COA_CM,2030,H2_CU,emission_penalty
H2_COA_CM,2040,H2_CU,emission_penalty
H2_COA_CM,2040,H2_CU,emission_penalty
H2_COA_CM,2050,H2_CU,emission_penalty
H2_COA_CM,2050,H2_CU,emission_penalty
H2_HOPO,2025,H2_CT,emission_premium
H2_HOPO,2025,H2_CT,emission_penalty
H2_HOPO,2030,H2_CT,emission_premium
H2_HOPO,2030,H2_CT,emission_penalty
H2_HOPO,2040,H2_CT,emission_premium
H2_HOPO,2040,H2_CT,emission_penalty
H2_HOPO,2050,H2_CT,emission_premium
H2_HOPO,2050,H2_CT,emission_penalty
H2_SBG_CM,2025,H2_CT,emission_premium
H2_SBG_CM,2025,H2_CT,emission_premium
H2_SBG_CM,2030,H2_CT,emission_premium
H2_SBG_CM,2030,H2_CT,emission_premium
H2_SBG_CM,2040,H2_CT,emission_premium
H2_SBG_CM,2040,H2_CT,emission_premium
H2_SBG_CM,2050,H2_CT,emission_premium
H2_SBG_CM,2050,H2_CT,emission_premium
H2_SBG_DS,2025,H2_DT,emission_premium
H2_SBG_DS,2025,H2_DT,emission_premium
H2_SBG_DS,2030,H2_DT,emission_premium
H2_SBG_DS,2030,H2_DT,emission_premium
H2_SBG_DS,2040,H2_DT,emission_premium
H2_SBG_DS,2040,H2_DT,emission_premium
H2_SBG_DS,2050,H2_DT,emission_premium
H2_SBG_DS,2050,H2_DT,emission_premium
H2_SBR_C,2025,H2_CU,emission_premium
H2_SBR_C,2025,H2_CU,emission_premium
H2_SBR_C,2030,H2_CU,emission_premium
H2_SBR_C,2030,H2_CU,emission_premium
H2_SBR_C,2040,H2_CU,emission_premium
H2_SBR_C,2040,H2_CU,emission_premium
H2_SBR_C,2050,H2_CU,emission_premium
H2_SBR_C,2050,H2_CU,emission_premium
H2_SMR_CL,2025,H2_CU,emission_premium
H2_SMR_CL,2025,H2_CU,emission_penalty
H2_SMR_CL,2030,H2_CU,emission_premium
H2_SMR_CL,2030,H2_CU,emission_penalty
H2_SMR_CL,2040,H2_CU,emission_premium
H2_SMR_CL,2040,H2_CU,emission_penalty
H2_SMR_CL,2050,H2_CU,emission_premium
H2_SMR_CL,2050,H2_CU,emission_penalty
H2_SMR_CS,2025,H2_CT,emission_premium
H2_SMR_CS,2025,H2_CT,emission_penalty
H2_SMR_CS,2030,H2_CT,emission_premium
H2_SMR_CS,2030,H2_CT,emission_penalty
H2_SMR_CS,2040,H2_CT,emission_premium
H2_SMR_CS,2040,H2_CT,emission_penalty
H2_SMR_CS,2050,H2_CT,emission_premium
H2_SMR_CS,2050,H2_CT,emission_penalty
H2_SMR_DM,2025,H2_DT,emission_penalty
H2_SMR_DM,2025,H2_DT,emission_penalty
H2_SMR_DM,2030,H2_DT,emission_penalty
H2_SMR_DM,2030,H2_DT,emission_penalty
H2_SMR_DM,2040,H2_DT,emission_penalty
H2_SMR_DM,2040,H2_DT,emission_penalty
H2_SMR_DM,2050,H2_DT,emission_penalty
H2_SMR_DM,2050,H2_DT,emission_penalty
H2_SMR_DS,2025,H2_DT,emission_premium
H2_SMR_DS,2025,H2_DT,emission_penalty
H2_SMR_DS,2030,H2_DT,emission_premium
H2_SMR_DS,2030,H2_DT,emission_penalty
H2_SMR_DS,2040,H2_DT,emission_premium
H2_SMR_DS,2040,H2_DT,emission_penalty
H2_SMR_DS,2050,H2_DT,emission_premium
H2_SMR_DS,2050,H2_DT,emission_penalty
IND_CH_AMM_BIOGSF_N,2025,IND_CH_AMM,emission_premium
IND_CH_AMM_BIOGSF_N,2030,IND_CH_AMM,emission_premium
IND_CH_AMM_BIOGSF_N,2040,IND_CH_AMM,emission_premium
IND_CH_AMM_BIOGSF_N,2050,IND_CH_AMM,emission_premium
IND_CH_AMM_COAGSF_N,2025,IND_CH_AMM,emission_premium
IND_CH_AMM_COAGSF_N,2030,IND_CH_AMM,emission_premium
IND_CH_AMM_COAGSF_N,2040,IND_CH_AMM,emission_premium
IND_CH_AMM_COAGSF_N,2050,IND_CH_AMM,emission_premium
IND_CH_AMM_E,2025,IND_CH_AMM,emission_penalty
IND_CH_AMM_E,2030,IND_CH_AMM,emission_penalty
IND_CH_AMM_E,2040,IND_CH_AMM,emission_penalty
IND_CH_AMM_E,2050,IND_CH_AMM,emission_penalty
IND_CH_AMM_NAPPOX_N,2025,IND_CH_AMM,emission_premium
IND_CH_AMM_NAPPOX_N,2030,IND_CH_AMM,emission_premium
IND_CH_AMM_NAPPOX_N,2040,IND_CH_AMM,emission_premium
IND_CH_AMM_NAPPOX_N,2050,IND_CH_AMM,emission_premium
IND_CH_AMM_NGASR_CCS_N,2025,IND_CH_AMM,emission_premium
IND_CH_AMM_NGASR_CCS_N,2030,IND_CH_AMM,emission_premium
IND_CH_AMM_NGASR_CCS_N,2040,IND_CH_AMM,emission_premium
IND_CH_AMM_NGASR_CCS_N,2050,IND_CH_AMM,emission_premium
IND_CH_AMM_NGASR_N,2025,IND_CH_AMM,emission_premium
IND_CH_AMM_NGASR_N,2030,IND_CH_AMM,emission_premium
IND_CH_AMM_NGASR_N,2040,IND_CH_AMM,emission_premium
IND_CH_AMM_NGASR_N,2050,IND_CH_AMM,emission_premium
IND_CH_BTX_E,2025,IND_CH_BTX,emission_penalty
IND_CH_BTX_E,2025,IND_CH_BTX,emission_premium
IND_CH_BTX_E,2025,IND_CH_BTX,emission_penalty
IND_CH_BTX_E,2025,IND_CH_BTX,emission_penalty
IND_CH_BTX_E,2025,IND_CH_BTX,emission_penalty
IND_CH_BTX_E,2030,IND_CH_BTX,emission_penalty
IND_CH_BTX_E,2030,IND_CH_BTX,emission_premium
IND_CH_BTX_E,2030,IND_CH_BTX,emission_penalty
IND_CH_BTX_E,2030,IND_CH_BTX,emission_penalty
IND_CH_BTX_E,2030,IND_CH_BTX,emission_penalty
IND_CH_BTX_E,2040,IND_CH_BTX,emission_penalty
IND_CH_BTX_E,2040,IND_CH_BTX,emission_premium
IND_CH_BTX_E,2040,IND_CH_BTX,emission_penalty
IND_CH_BTX_E,2040,IND_CH_BTX,emission_penalty
IND_CH_BTX_E,2040,IND_CH_BTX,emission_penalty
IND_CH_BTX_E,2050,IND_CH_BTX,emission_penalty
IND_CH_BTX_E,2050,IND_CH_BTX,emission_premium
IND_CH_BTX_E,2050,IND_CH_BTX,emission_penalty
IND_CH_BTX_E,2050,IND_CH_BTX,emission_penalty
IND_CH_BTX_E,2050,IND_CH_BTX,emission_penalty
IND_CH_HVC_BDH_N,2025,IND_CH_HVC,emission_premium
IND_CH_HVC_BDH_N,2030,IND_CH_HVC,emission_premium
IND_CH_HVC_BDH_N,2040,IND_CH_HVC,emission_premium
IND_CH_HVC_BDH_N,2050,IND_CH_HVC,emission_premium
IND_CH_HVC_ETHSC_N,2025,IND_CH_HVC,emission_premium
IND_CH_HVC_ETHSC_N,2030,IND_CH_HVC,emission_premium
IND_CH_HVC_ETHSC_N,2040,IND_CH_HVC,emission_premium
IND_CH_HVC_ETHSC_N,2050,IND_CH_HVC,emission_premium
IND_CH_HVC_GSOSC_N,2025,IND_CH_HVC,emission_premium
IND_CH_HVC_GSOSC_N,2030,IND_CH_HVC,emission_premium
IND_CH_HVC_GSOSC_N,2040,IND_CH_HVC,emission_premium
IND_CH_HVC_GSOSC_N,2050,IND_CH_HVC,emission_premium
IND_CH_HVC_LPGSC_N,2025,IND_CH_HVC,emission_premium
IND_CH_HVC_LPGSC_N,2030,IND_CH_HVC,emission_premium
IND_CH_HVC_LPGSC_N,2040,IND_CH_HVC,emission_premium
IND_CH_HVC_LPGSC_N,2050,IND_CH_HVC,emission_premium
IND_CH_HVC_NAPSC_N,2025,IND_CH_HVC,emission_premium
IND_CH_HVC_NAPSC_N,2030,IND_CH_HVC,emission_premium
IND_CH_HVC_NAPSC_N,2040,IND_CH_HVC,emission_premium
IND_CH_HVC_NAPSC_N,2050,IND_CH_HVC,emission_premium
IND_CH_HVC_NCC_N,2025,IND_CH_HVC,emission_premium
IND_CH_HVC_NCC_N,2030,IND_CH_HVC,emission_premium
IND_CH_HVC_NCC_N,2040,IND_CH_HVC,emission_premium
IND_CH_HVC_NCC_N,2050,IND_CH_HVC,emission_premium
IND_CH_MTH_BIOGSF_N,2025,IND_CH_MTH,emission_premium
IND_CH_MTH_BIOGSF_N,2030,IND_CH_MTH,emission_premium
IND_CH_MTH_BIOGSF_N,2040,IND_CH_MTH,emission_premium
IND_CH_MTH_BIOGSF_N,2050,IND_CH_MTH,emission_premium
IND_CH_MTH_COAGSF_N,2025,IND_CH_MTH,emission_premium
IND_CH_MTH_COAGSF_N,2030,IND_CH_MTH,emission_premium
IND_CH_MTH_COAGSF_N,2040,IND_CH_MTH,emission_premium
IND_CH_MTH_COAGSF_N,2050,IND_CH_MTH,emission_premium
IND_CH_MTH_COGSR_N,2025,IND_CH_MTH,emission_premium
IND_CH_MTH_COGSR_N,2030,IND_CH_MTH,emission_premium
IND_CH_MTH_COGSR_N,2040,IND_CH_MTH,emission_premium
IND_CH_MTH_COGSR_N,2050,IND_CH_MTH,emission_premium
IND_CH_MTH_E,2025,IND_CH_MTH,emission_penalty
IND_CH_MTH_E,2030,IND_CH_MTH,emission_penalty
IND_CH_MTH_E,2040,IND_CH_MTH,emission_penalty
IND_CH_MTH_E,2050,IND_CH_MTH,emission_penalty
IND_CH_MTH_LPGSR_N,2025,IND_CH_MTH,emission_premium
IND_CH_MTH_LPGSR_N,2030,IND_CH_MTH,emission_premium
IND_CH_MTH_LPGSR_N,2040,IND_CH_MTH,emission_premium
IND_CH_MTH_LPGSR_N,2050,IND_CH_MTH,emission_premium
IND_CH_MTH_NGASR_CCS_N,2025,IND_CH_MTH,emission_premium
IND_CH_MTH_NGASR_CCS_N,2030,IND_CH_MTH,emission_premium
IND_CH_MTH_NGASR_CCS_N,2040,IND_CH_MTH,emission_premium
IND_CH_MTH_NGASR_CCS_N,2050,IND_CH_MTH,emission_premium
IND_CH_MTH_NGASR_N,2025,IND_CH_MTH,emission_premium
IND_CH_MTH_NGASR_N,2030,IND_CH_MTH,emission_premium
IND_CH_MTH_NGASR_N,2040,IND_CH_MTH,emission_premium
IND_CH_MTH_NGASR_N,2050,IND_CH_MTH,emission_premium
IND_IS_BOF_BFBOF_CCS_N,2030,IND_IS_BOF,emission_premium
IND_IS_BOF_BFBOF_CCS_N,2030,IND_IS_BOF,emission_premium
IND_IS_BOF_BFBOF_CCS_N,2040,IND_IS_BOF,emission_premium
IND_IS_BOF_BFBOF_CCS_N,2040,IND_IS_BOF,emission_premium
IND_IS_BOF_BFBOF_CCS_N,2050,IND_IS_BOF,emission_premium
IND_IS_BOF_BFBOF_CCS_N,2050,IND_IS_BOF,emission_premium
IND_IS_BOF_BFBOF_N,2025,IND_IS_BOF,emission_premium
IND_IS_BOF_BFBOF_N,2025,IND_IS_BOF,emission_premium
IND_IS_BOF_BFBOF_N,2030,IND_IS_BOF,emission_premium
IND_IS_BOF_BFBOF_N,2030,IND_IS_BOF,emission_premium
IND_IS_BOF_BFBOF_N,2040,IND_IS_BOF,emission_premium
IND_IS_BOF_BFBOF_N,2040,IND_IS_BOF,emission_premium
IND_IS_BOF_BFBOF_N,2050,IND_IS_BOF,emission_premium
IND_IS_BOF_BFBOF_N,2050,IND_IS_BOF,emission_premium
IND_IS_BOF_BFTGRBOF_CCS_N,2040,IND_IS_BOF,emission_premium
IND_IS_BOF_BFTGRBOF_CCS_N,2040,IND_IS_BOF,emission_premium
IND_IS_BOF_BFTGRBOF_CCS_N,2040,IND_IS_BOF,emission_premium
IND_IS_BOF_BFTGRBOF_CCS_N,2050,IND_IS_BOF,emission_premium
IND_IS_BOF_BFTGRBOF_CCS_N,2050,IND_IS_BOF,emission_premium
IND_IS_BOF_BFTGRBOF_CCS_N,2050,IND_IS_BOF,emission_premium
IND_IS_BOF_E,2025,IND_IS_BOF,emission_premium
IND_IS_BOF_E,2025,IND_IS_BOF,emission_premium
IND_IS_BOF_E,2025,IND_IS_BOF,emission_premium
IND_IS_BOF_E,2025,IND_IS_BOF,emission_premium
IND_IS_BOF_E,2025,IND_IS_BOF,emission_premium
IND_IS_BOF_E,2030,IND_IS_BOF,emission_premium
IND_IS_BOF_E,2030,IND_IS_BOF,emission_premium
IND_IS_BOF_E,2030,IND_IS_BOF,emission_premium
IND_IS_BOF_E,2030,IND_IS_BOF,emission_premium
IND_IS_BOF_E,2030,IND_IS_BOF,emission_premium
IND_IS_BOF_E,2040,IND_IS_BOF,emission_premium
IND_IS_BOF_E,2040,IND_IS_BOF,emission_premium
IND_IS_BOF_E,2040,IND_IS_BOF,emission_premium
IND_IS_BOF_E,2040,IND_IS_BOF,emission_premium
IND_IS_BOF_E,2040,IND_IS_BOF,emission_premium
IND_IS_BOF_E,2050,IND_IS_BOF,emission_premium
IND_IS_BOF_E,2050,IND_IS_BOF,emission_premium
IND_IS_BOF_E,2050,IND_IS_BOF,emission_premium
IND_IS_BOF_E,2050,IND_IS_BOF,emission_premium
IND_IS_BOF_E,2050,IND_IS_BOF,emission_premium
IND_IS_BOF_HISBOF_CCS_N,2030,IND_IS_BOF,emission_premium
IND_IS_BOF_HISBOF_CCS_N,2030,IND_IS_BOF,emission_premium
IND_IS_BOF_HISBOF_CCS_N,2040,IND_IS_BOF,emission_premium
IND_IS_BOF_HISBOF_CCS_N,2040,IND_IS_BOF,emission_premium
IND_IS_BOF_HISBOF_CCS_N,2050,IND_IS_BOF,emission_premium
IND_IS_BOF_HISBOF_CCS_N,2050,IND_IS_BOF,emission_premium
IND_IS_BOF_HISBOF_N,2025,IND_IS_BOF,emission_premium
IND_IS_BOF_HISBOF_N,2025,IND_IS_BOF,emission_penalty
IND_IS_BOF_HISBOF_N,2030,IND_IS_BOF,emission_premium
IND_IS_BOF_HISBOF_N,2030,IND_IS_BOF,emission_penalty
IND_IS_BOF_HISBOF_N,2040,IND_IS_BOF,emission_premium
IND_IS_BOF_HISBOF_N,2040,IND_IS_BOF,emission_penalty
IND_IS_BOF_HISBOF_N,2050,IND_IS_BOF,emission_premium
IND_IS_BOF_HISBOF_N,2050,IND_IS_BOF,emission_penalty
IND_IS_BOF_ULCOLYSIS_N,2030,IND_IS_BOF,emission_premium
IND_IS_BOF_ULCOLYSIS_N,2040,IND_IS_BOF,emission_premium
IND_IS_BOF_ULCOLYSIS_N,2050,IND_IS_BOF,emission_premium
IND_IS_BOF_ULCORED_CCS_N,2030,IND_IS_EAF,emission_premium
IND_IS_BOF_ULCORED_CCS_N,2040,IND_IS_EAF,emission_premium
IND_IS_BOF_ULCORED_CCS_N,2050,IND_IS_EAF,emission_premium
IND_IS_BOF_ULCOWIN_N,2030,IND_IS_BOF,emission_premium
IND_IS_BOF_ULCOWIN_N,2030,IND_IS_BOF,emission_premium
IND_IS_BOF_ULCOWIN_N,2040,IND_IS_BOF,emission_premium
IND_IS_BOF_ULCOWIN_N,2040,IND_IS_BOF,emission_premium
IND_IS_BOF_ULCOWIN_N,2050,IND_IS_BOF,emission_premium
IND_IS_BOF_ULCOWIN_N,2050,IND_IS_BOF,emission_premium
IND_IS_DRI_DRIEAF_CCS_N,2030,IND_IS_EAF,emission_premium
IND_IS_DRI_DRIEAF_CCS_N,2040,IND_IS_EAF,emission_premium
IND_IS_DRI_DRIEAF_CCS_N,2050,IND_IS_EAF,emission_premium
IND_IS_DRI_DRIEAF_N,2025,IND_IS_EAF,emission_premium
IND_IS_DRI_DRIEAF_N,2030,IND_IS_EAF,emission_premium
IND_IS_DRI_DRIEAF_N,2040,IND_IS_EAF,emission_premium
IND_IS_DRI_DRIEAF_N,2050,IND_IS_EAF,emission_premium
IND_IS_DRI_HDREAF_N,2030,IND_IS_EAF,emission_premium
IND_IS_DRI_HDREAF_N,2040,IND_IS_EAF,emission_premium
IND_IS_DRI_HDREAF_N,2050,IND_IS_EAF,emission_premium
IND_IS_EAF_E,2025,IND_IS_EAF,emission_premium
IND_IS_EAF_E,2025,IND_IS_EAF,emission_premium
IND_IS_EAF_E,2025,IND_IS_EAF,emission_premium
IND_IS_EAF_E,2030,IND_IS_EAF,emission_premium
IND_IS_EAF_E,2030,IND_IS_EAF,emission_premium
IND_IS_EAF_E,2030,IND_IS_EAF,emission_premium
IND_IS_EAF_E,2040,IND_IS_EAF,emission_premium
IND_IS_EAF_E,2040,IND_IS_EAF,emission_premium
IND_IS_EAF_E,2040,IND_IS_EAF,emission_premium
IND_IS_EAF_E,2050,IND_IS_EAF,emission_premium
IND_IS_EAF_E,2050,IND_IS_EAF,emission_premium
IND_IS_EAF_E,2050,IND_IS_EAF,emission_premium
IND_NF_ALU_CBT_N,2050,IND_NF_ALU,emission_premium
IND_NF_ALU_E,2025,IND_NF_ALU,emission_premium
IND_NF_ALU_E,2025,IND_NF_ALU,emission_premium
IND_NF_ALU_E,2030,IND_NF_ALU,emission_premium
IND_NF_ALU_E,2030,IND_NF_ALU,emission_premium
IND_NF_ALU_E,2040,IND_NF_ALU,emission_premium
IND_NF_ALU_E,2040,IND_NF_ALU,emission_premium
IND_NF_ALU_E,2050,IND_NF_ALU,emission_premium
IND_NF_ALU_E,2050,IND_NF_ALU,emission_premium
IND_NF_ALU_HLHIA_N,2030,IND_NF_ALU,emission_premium
IND_NF_ALU_HLHIA_N,2040,IND_NF_ALU,emission_premium
IND_NF_ALU_HLHIA_N,2050,IND_NF_ALU,emission_premium
IND_NF_ALU_HLH_N,2025,IND_NF_ALU,emission_premium
IND_NF_ALU_HLH_N,2030,IND_NF_ALU,emission_premium
IND_NF_ALU_HLH_N,2040,IND_NF_ALU,emission_premium
IND_NF_ALU_HLH_N,2050,IND_NF_ALU,emission_premium
IND_NF_ALU_SEC_N,2025,IND_NF_ALU,emission_premium
IND_NF_ALU_SEC_N,2025,IND_NF_ALU,emission_premium
IND_NF_ALU_SEC_N,2030,IND_NF_ALU,emission_premium
IND_NF_ALU_SEC_N,2030,IND_NF_ALU,emission_premium
IND_NF_ALU_SEC_N,2040,IND_NF_ALU,emission_premium
IND_NF_ALU_SEC_N,2040,IND_NF_ALU,emission_premium
IND_NF_ALU_SEC_N,2050,IND_NF_ALU,emission_premium
IND_NF_ALU_SEC_N,2050,IND_NF_ALU,emission_premium
IND_NM_CEM_AAC_N,2030,IND_NM_CMT,emission_premium
IND_NM_CEM_AAC_N,2030,IND_NM_CMT,emission_premium
IND_NM_CEM_AAC_N,2030,IND_NM_CMT,emission_premium
IND_NM_CEM_AAC_N,2030,IND_NM_CMT,emission_premium
IND_NM_CEM_AAC_N,2040,IND_NM_CMT,emission_premium
IND_NM_CEM_AAC_N,2040,IND_NM_CMT,emission_premium
IND_NM_CEM_AAC_N,2040,IND_NM_CMT,emission_premium
IND_NM_CEM_AAC_N,2040,IND_NM_CMT,emission_premium
IND_NM_CEM_AAC_N,2050,IND_NM_CMT,emission_premium
IND_NM_CEM_AAC_N,2050,IND_NM_CMT,emission_premium
IND_NM_CEM_AAC_N,2050,IND_NM_CMT,emission_premium
IND_NM_CEM_AAC_N,2050,IND_NM_CMT,emission_premium
IND_NM_CEM_BEL_N,2030,IND_NM_CMT,emission_premium
IND_NM_CEM_BEL_N,2030,IND_NM_CMT,emission_premium
IND_NM_CEM_BEL_N,2030,IND_NM_CMT,emission_premium
IND_NM_CEM_BEL_N,2030,IND_NM_CMT,emission_premium
IND_NM_CEM_BEL_N,2040,IND_NM_CMT,emission_premium
IND_NM_CEM_BEL_N,2040,IND_NM_CMT,emission_premium
IND_NM_CEM_BEL_N,2040,IND_NM_CMT,emission_premium
IND_NM_CEM_BEL_N,2040,IND_NM_CMT,emission_premium
IND_NM_CEM_BEL_N,2050,IND_NM_CMT,emission_premium
IND_NM_CEM_BEL_N,2050,IND_NM_CMT,emission_premium
IND_NM_CEM_BEL_N,2050,IND_NM_CMT,emission_premium
IND_NM_CEM_BEL_N,2050,IND_NM_CMT,emission_premium
IND_NM_CLK_DRYCL_OCCS_BIO_N,2030,IND_NM_CLK,emission_premium
IND_NM_CLK_DRYCL_OCCS_BIO_N,2030,IND_NM_CLK,emission_premium
IND_NM_CLK_DRYCL_OCCS_BIO_N,2030,IND_NM_CLK,emission_premium
IND_NM_CLK_DRYCL_OCCS_BIO_N,2040,IND_NM_CLK,emission_premium
IND_NM_CLK_DRYCL_OCCS_BIO_N,2040,IND_NM_CLK,emission_premium
IND_NM_CLK_DRYCL_OCCS_BIO_N,2040,IND_NM_CLK,emission_premium
IND_NM_CLK_DRYCL_OCCS_BIO_N,2050,IND_NM_CLK,emission_premium
IND_NM_CLK_DRYCL_OCCS_BIO_N,2050,IND_NM_CLK,emission_premium
IND_NM_CLK_DRYCL_OCCS_BIO_N,2050,IND_NM_CLK,emission_premium
IND_NM_CLK_DRYCL_OCCS_N,2030,IND_NM_CLK,emission_premium
IND_NM_CLK_DRYCL_OCCS_N,2030,IND_NM_CLK,emission_premium
IND_NM_CLK_DRYCL_OCCS_N,2030,IND_NM_CLK,emission_premium
IND_NM_CLK_DRYCL_OCCS_N,2030,IND_NM_CLK,emission_premium
IND_NM_CLK_DRYCL_OCCS_N,2040,IND_NM_CLK,emission_premium
IND_NM_CLK_DRYCL_OCCS_N,2040,IND_NM_CLK,emission_premium
IND_NM_CLK_DRYCL_OCCS_N,2040,IND_NM_CLK,emission_premium
IND_NM_CLK_DRYCL_OCCS_N,2040,IND_NM_CLK,emission_premium
IND_NM_CLK_DRYCL_OCCS_N,2050,IND_NM_CLK,emission_premium
IND_NM_CLK_DRYCL_OCCS_N,2050,IND_NM_CLK,emission_premium
IND_NM_CLK_DRYCL_OCCS_N,2050,IND_NM_CLK,emission_premium
IND_NM_CLK_DRYCL_OCCS_N,2050,IND_NM_CLK,emission_premium
IND_NM_CLK_DRYCL_PCCS_BIO_N,2025,IND_NM_CLK,emission_premium
IND_NM_CLK_DRYCL_PCCS_BIO_N,2025,IND_NM_CLK,emission_premium
IND_NM_CLK_DRYCL_PCCS_BIO_N,2025,IND_NM_CLK,emission_premium
IND_NM_CLK_DRYCL_PCCS_BIO_N,2030,IND_NM_CLK,emission_premium
IND_NM_CLK_DRYCL_PCCS_BIO_N,2030,IND_NM_CLK,emission_premium
IND_NM_CLK_DRYCL_PCCS_BIO_N,2030,IND_NM_CLK,emission_premium
IND_NM_CLK_DRYCL_PCCS_BIO_N,2040,IND_NM_CLK,emission_premium
IND_NM_CLK_DRYCL_PCCS_BIO_N,2040,IND_NM_CLK,emission_premium
IND_NM_CLK_DRYCL_PCCS_BIO_N,2040,IND_NM_CLK,emission_premium
IND_NM_CLK_DRYCL_PCCS_BIO_N,2050,IND_NM_CLK,emission_premium
IND_NM_CLK_DRYCL_PCCS_BIO_N,2050,IND_NM_CLK,emission_premium
IND_NM_CLK_DRYCL_PCCS_BIO_N,2050,IND_NM_CLK,emission_premium
IND_NM_CLK_DRYCL_PCCS_N,2025,IND_NM_CLK,emission_premium
IND_NM_CLK_DRYCL_PCCS_N,2025,IND_NM_CLK,emission_premium
IND_NM_CLK_DRYCL_PCCS_N,2025,IND_NM_CLK,emission_premium
IND_NM_CLK_DRYCL_PCCS_N,2025,IND_NM_CLK,emission_premium
IND_NM_CLK_DRYCL_PCCS_N,2030,IND_NM_CLK,emission_premium
IND_NM_CLK_DRYCL_PCCS_N,2030,IND_NM_CLK,emission_premium
IND_NM_CLK_DRYCL_PCCS_N,2030,IND_NM_CLK,emission_premium
IND_NM_CLK_DRYCL_PCCS_N,2030,IND_NM_CLK,emission_premium
IND_NM_CLK_DRYCL_PCCS_N,2040,IND_NM_CLK,emission_premium
IND_NM_CLK_DRYCL_PCCS_N,2040,IND_NM_CLK,emission_premium
IND_NM_CLK_DRYCL_PCCS_N,2040,IND_NM_CLK,emission_premium
IND_NM_CLK_DRYCL_PCCS_N,2040,IND_NM_CLK,emission_premium
IND_NM_CLK_DRYCL_PCCS_N,2050,IND_NM_CLK,emission_premium
IND_NM_CLK_DRYCL_PCCS_N,2050,IND_NM_CLK,emission_premium
IND_NM_CLK_DRYCL_PCCS_N,2050,IND_NM_CLK,emission_premium
IND_NM_CLK_DRYCL_PCCS_N,2050,IND_NM_CLK,emission_premium
IND_NM_CLK_DRY_BIO_N,2025,IND_NM_CLK,emission_premium
IND_NM_CLK_DRY_BIO_N,2025,IND_NM_CLK,emission_premium
IND_NM_CLK_DRY_BIO_N,2025,IND_NM_CLK,emission_premium
IND_NM_CLK_DRY_BIO_N,2025,IND_NM_CLK,emission_premium
IND_NM_CLK_DRY_BIO_N,2030,IND_NM_CLK,emission_premium
IND_NM_CLK_DRY_BIO_N,2030,IND_NM_CLK,emission_premium
IND_NM_CLK_DRY_BIO_N,2030,IND_NM_CLK,emission_premium
IND_NM_CLK_DRY_BIO_N,2030,IND_NM_CLK,emission_premium
IND_NM_CLK_DRY_BIO_N,2040,IND_NM_CLK,emission_premium
IND_NM_CLK_DRY_BIO_N,2040,IND_NM_CLK,emission_premium
IND_NM_CLK_DRY_BIO_N,2040,IND_NM_CLK,emission_premium
IND_NM_CLK_DRY_BIO_N,2040,IND_NM_CLK,emission_premium
IND_NM_CLK_DRY_BIO_N,2050,IND_NM_CLK,emission_premium
IND_NM_CLK_DRY_BIO_N,2050,IND_NM_CLK,emission_premium
IND_NM_CLK_DRY_BIO_N,2050,IND_NM_CLK,emission_premium
IND_NM_CLK_DRY_BIO_N,2050,IND_NM_CLK,emission_premium
IND_NM_CLK_DRY_E,2025,IND_NM_CMT,emission_premium
IND_NM_CLK_DRY_E,2025,IND_NM_CMT,emission_premium
IND_NM_CLK_DRY_E,2025,IND_NM_CMT,emission_premium
IND_NM_CLK_DRY_E,2025,IND_NM_CMT,emission_premium
IND_NM_CLK_DRY_E,2025,IND_NM_CMT,emission_premium
IND_NM_CLK_DRY_E,2025,IND_NM_CMT,emission_premium
IND_NM_CLK_DRY_E,2025,IND_NM_CMT,emission_premium
IND_NM_CLK_DRY_E,2025,IND_NM_CMT,emission_penalty
IND_NM_CLK_DRY_E,2025,IND_NM_CMT,emission_premium
IND_NM_CLK_DRY_E,2025,IND_NM_CMT,emission_premium
IND_NM_CLK_DRY_E,2030,IND_NM_CMT,emission_premium
IND_NM_CLK_DRY_E,2030,IND_NM_CMT,emission_premium
IND_NM_CLK_DRY_E,2030,IND_NM_CMT,emission_premium
IND_NM_CLK_DRY_E,2030,IND_NM_CMT,emission_premium
IND_NM_CLK_DRY_E,2030,IND_NM_CMT,emission_premium
IND_NM_CLK_DRY_E,2030,IND_NM_CMT,emission_premium
IND_NM_CLK_DRY_E,2030,IND_NM_CMT,emission_premium
IND_NM_CLK_DRY_E,2030,IND_NM_CMT,emission_penalty
IND_NM_CLK_DRY_E,2030,IND_NM_CMT,emission_premium
IND_NM_CLK_DRY_E,2030,IND_NM_CMT,emission_premium
IND_NM_CLK_DRY_E,2040,IND_NM_CMT,emission_premium
IND_NM_CLK_DRY_E,2040,IND_NM_CMT,emission_premium
IND_NM_CLK_DRY_E,2040,IND_NM_CMT,emission_premium
IND_NM_CLK_DRY_E,2040,IND_NM_CMT,emission_premium
IND_NM_CLK_DRY_E,2040,IND_NM_CMT,emission_premium
IND_NM_CLK_DRY_E,2040,IND_NM_CMT,emission_premium
IND_NM_CLK_DRY_E,2040,IND_NM_CMT,emission_premium
IND_NM_CLK_DRY_E,2040,IND_NM_CMT,emission_penalty
IND_NM_CLK_DRY_E,2040,IND_NM_CMT,emission_premium
IND_NM_CLK_DRY_E,2040,IND_NM_CMT,emission_premium
IND_NM_CLK_DRY_E,2050,IND_NM_CMT,emission_premium
IND_NM_CLK_DRY_E,2050,IND_NM_CMT,emission_premium
IND_NM_CLK_DRY_E,2050,IND_NM_CMT,emission_premium
IND_NM_CLK_DRY_E,2050,IND_NM_CMT,emission_premium
IND_NM_CLK_DRY_E,2050,IND_NM_CMT,emission_premium
IND_NM_CLK_DRY_E,2050,IND_NM_CMT,emission_premium
IND_NM_CLK_DRY_E,2050,IND_NM_CMT,emission_premium
IND_NM_CLK_DRY_E,2050,IND_NM_CMT,emission_penalty
IND_NM_CLK_DRY_E,2050,IND_NM_CMT,emission_premium
IND_NM_CLK_DRY_E,2050,IND_NM_CMT,emission_premium
IND_NM_CLK_DRY_N,2025,IND_NM_CLK,emission_premium
IND_NM_CLK_DRY_N,2025,IND_NM_CLK,emission_premium
IND_NM_CLK_DRY_N,2025,IND_NM_CLK,emission_premium
IND_NM_CLK_DRY_N,2025,IND_NM_CLK,emission_premium
IND_NM_CLK_DRY_N,2025,IND_NM_CLK,emission_premium
IND_NM_CLK_DRY_N,2030,IND_NM_CLK,emission_premium
IND_NM_CLK_DRY_N,2030,IND_NM_CLK,emission_premium
IND_NM_CLK_DRY_N,2030,IND_NM_CLK,emission_premium
IND_NM_CLK_DRY_N,2030,IND_NM_CLK,emission_premium
IND_NM_CLK_DRY_N,2030,IND_NM_CLK,emission_premium
IND_NM_CLK_DRY_N,2040,IND_NM_CLK,emission_premium
IND_NM_CLK_DRY_N,2040,IND_NM_CLK,emission_premium
IND_NM_CLK_DRY_N,2040,IND_NM_CLK,emission_premium
IND_NM_CLK_DRY_N,2040,IND_NM_CLK,emission_premium
IND_NM_CLK_DRY_N,2040,IND_NM_CLK,emission_premium
IND_NM_CLK_DRY_N,2050,IND_NM_CLK,emission_premium
IND_NM_CLK_DRY_N,2050,IND_NM_CLK,emission_premium
IND_NM_CLK_DRY_N,2050,IND_NM_CLK,emission_premium
IND_NM_CLK_DRY_N,2050,IND_NM_CLK,emission_premium
IND_NM_CLK_DRY_N,2050,IND_NM_CLK,emission_premium
IND_NM_CLK_WET_E,2025,IND_NM_CMT,emission_premium
IND_NM_CLK_WET_E,2025,IND_NM_CMT,emission_premium
IND_NM_CLK_WET_E,2025,IND_NM_CMT,emission_premium
IND_NM_CLK_WET_E,2025,IND_NM_CMT,emission_premium
IND_NM_CLK_WET_E,2025,IND_NM_CMT,emission_premium
IND_NM_CLK_WET_E,2025,IND_NM_CMT,emission_premium
IND_NM_CLK_WET_E,2025,IND_NM_CMT,emission_premium
IND_NM_CLK_WET_E,2025,IND_NM_CMT,emission_penalty
IND_NM_CLK_WET_E,2025,IND_NM_CMT,emission_premium
IND_NM_CLK_WET_E,2025,IND_NM_CMT,emission_premium
IND_NM_CLK_WET_E,2030,IND_NM_CMT,emission_premium
IND_NM_CLK_WET_E,2030,IND_NM_CMT,emission_premium
IND_NM_CLK_WET_E,2030,IND_NM_CMT,emission_premium
IND_NM_CLK_WET_E,2030,IND_NM_CMT,emission_premium
IND_NM_CLK_WET_E,2030,IND_NM_CMT,emission_premium
IND_NM_CLK_WET_E,2030,IND_NM_CMT,emission_premium
IND_NM_CLK_WET_E,2030,IND_NM_CMT,emission_premium
IND_NM_CLK_WET_E,2030,IND_NM_CMT,emission_penalty
IND_NM_CLK_WET_E,2030,IND_NM_CMT,emission_premium
IND_NM_CLK_WET_E,2030,IND_NM_CMT,emission_premium
IND_NM_CLK_WET_E,2040,IND_NM_CMT,emission_premium
IND_NM_CLK_WET_E,2040,IND_NM_CMT,emission_premium
IND_NM_CLK_WET_E,2040,IND_NM_CMT,emission_premium
IND_NM_CLK_WET_E,2040,IND_NM_CMT,emission_premium
IND_NM_CLK_WET_E,2040,IND_NM_CMT,emission_premium
IND_NM_CLK_WET_E,2040,IND_NM_CMT,emission_premium
IND_NM_CLK_WET_E,2040,IND_NM_CMT,emission_premium
IND_NM_CLK_WET_E,2040,IND_NM_CMT,emission_penalty
IND_NM_CLK_WET_E,2040,IND_NM_CMT,emission_premium
IND_NM_CLK_WET_E,2040,IND_NM_CMT,emission_premium
IND_NM_CLK_WET_E,2050,IND_NM_CMT,emission_premium
IND_NM_CLK_WET_E,2050,IND_NM_CMT,emission_premium
IND_NM_CLK_WET_E,2050,IND_NM_CMT,emission_premium
IND_NM_CLK_WET_E,2050,IND_NM_CMT,emission_premium
IND_NM_CLK_WET_E,2050,IND_NM_CMT,emission_premium
IND_NM_CLK_WET_E,2050,IND_NM_CMT,emission_premium
IND_NM_CLK_WET_E,2050,IND_NM_CMT,emission_premium
IND_NM_CLK_WET_E,2050,IND_NM_CMT,emission_penalty
IND_NM_CLK_WET_E,2050,IND_NM_CMT,emission_premium
IND_NM_CLK_WET_E,2050,IND_NM_CMT,emission_premium
IND_NM_CLK_WET_N,2025,IND_NM_CLK,emission_premium
IND_NM_CLK_WET_N,2025,IND_NM_CLK,emission_premium
IND_NM_CLK_WET_N,2025,IND_NM_CLK,emission_premium
IND_NM_CLK_WET_N,2025,IND_NM_CLK,emission_premium
IND_NM_CLK_WET_N,2025,IND_NM_CLK,emission_premium
IND_NM_CLK_WET_N,2030,IND_NM_CLK,emission_premium
IND_NM_CLK_WET_N,2030,IND_NM_CLK,emission_premium
IND_NM_CLK_WET_N,2030,IND_NM_CLK,emission_premium
IND_NM_CLK_WET_N,2030,IND_NM_CLK,emission_premium
IND_NM_CLK_WET_N,2030,IND_NM_CLK,emission_premium
IND_NM_CLK_WET_N,2040,IND_NM_CLK,emission_premium
IND_NM_CLK_WET_N,2040,IND_NM_CLK,emission_premium
IND_NM_CLK_WET_N,2040,IND_NM_CLK,emission_premium
IND_NM_CLK_WET_N,2040,IND_NM_CLK,emission_premium
IND_NM_CLK_WET_N,2040,IND_NM_CLK,emission_premium
IND_NM_CLK_WET_N,2050,IND_NM_CLK,emission_premium
IND_NM_CLK_WET_N,2050,IND_NM_CLK,emission_premium
IND_NM_CLK_WET_N,2050,IND_NM_CLK,emission_premium
IND_NM_CLK_WET_N,2050,IND_NM_CLK,emission_premium
IND_NM_CLK_WET_N,2050,IND_NM_CLK,emission_premium
TRA_RAIL_FRG_DST_N,2025,TRA_RAIL_FRG,emission_premium
TRA_RAIL_FRG_DST_N,2030,TRA_RAIL_FRG,emission_premium
TRA_RAIL_FRG_DST_N,2040,TRA_RAIL_FRG,emission_premium
TRA_RAIL_FRG_DST_N,2050,TRA_RAIL_FRG,emission_premium
TRA_RAIL_FRG_E,2025,TRA_RAIL_FRG,emission_premium
TRA_RAIL_FRG_E,2030,TRA_RAIL_FRG,emission_premium
TRA_RAIL_FRG_E,2040,TRA_RAIL_FRG,emission_premium
TRA_RAIL_FRG_E,2050,TRA_RAIL_FRG,emission_premium
TRA_RAIL_PAS_DST_N,2025,TRA_RAIL_PSG,emission_penalty
TRA_RAIL_PAS_DST_N,2030,TRA_RAIL_PSG,emission_penalty
TRA_RAIL_PAS_DST_N,2040,TRA_RAIL_PSG,emission_penalty
TRA_RAIL_PAS_DST_N,2050,TRA_RAIL_PSG,emission_penalty
TRA_RAIL_PAS_E,2025,TRA_RAIL_PSG,emission_penalty
TRA_RAIL_PAS_E,2030,TRA_RAIL_PSG,emission_penalty
TRA_RAIL_PAS_E,2040,TRA_RAIL_PSG,emission_penalty
TRA_RAIL_PAS_E,2050,TRA_RAIL_PSG,emission_penalty
TRA_ROA_2WH_DST_N,2025,TRA_ROA_2WH,emission_penalty
TRA_ROA_2WH_DST_N,2030,TRA_ROA_2WH,emission_penalty
TRA_ROA_2WH_DST_N,2040,TRA_ROA_2WH,emission_penalty
TRA_ROA_2WH_DST_N,2050,TRA_ROA_2WH,emission_penalty
TRA_ROA_2WH_FULHYB_N,2025,TRA_ROA_2WH,emission_penalty
TRA_ROA_2WH_FULHYB_N,2030,TRA_ROA_2WH,emission_penalty
TRA_ROA_2WH_FULHYB_N,2040,TRA_ROA_2WH,emission_penalty
TRA_ROA_2WH_FULHYB_N,2050,TRA_ROA_2WH,emission_penalty
TRA_ROA_2WH_GSL_N,2025,TRA_ROA_2WH,emission_penalty
TRA_ROA_2WH_GSL_N,2030,TRA_ROA_2WH,emission_penalty
TRA_ROA_2WH_GSL_N,2040,TRA_ROA_2WH,emission_penalty
TRA_ROA_2WH_GSL_N,2050,TRA_ROA_2WH,emission_penalty
TRA_ROA_BUS_DST_E,2025,TRA_ROA_BUS,emission_penalty
TRA_ROA_BUS_DST_E,2030,TRA_ROA_BUS,emission_penalty
TRA_ROA_BUS_DST_E,2040,TRA_ROA_BUS,emission_penalty
TRA_ROA_BUS_DST_E,2050,TRA_ROA_BUS,emission_penalty
TRA_ROA_BUS_DST_N,2025,TRA_ROA_BUS,emission_penalty
TRA_ROA_BUS_DST_N,2030,TRA_ROA_BUS,emission_penalty
TRA_ROA_BUS_DST_N,2040,TRA_ROA_BUS,emission_penalty
TRA_ROA_BUS_DST_N,2050,TRA_ROA_BUS,emission_penalty
TRA_ROA_BUS_GSL_N,2025,TRA_ROA_BUS,emission_penalty
TRA_ROA_BUS_GSL_N,2030,TRA_ROA_BUS,emission_penalty
TRA_ROA_BUS_GSL_N,2040,TRA_ROA_BUS,emission_penalty
TRA_ROA_BUS_GSL_N,2050,TRA_ROA_BUS,emission_penalty
TRA_ROA_BUS_LPG_N,2025,TRA_ROA_BUS,emission_penalty
TRA_ROA_BUS_LPG_N,2030,TRA_ROA_BUS,emission_penalty
TRA_ROA_BUS_LPG_N,2040,TRA_ROA_BUS,emission_penalty
TRA_ROA_BUS_LPG_N,2050,TRA_ROA_BUS,emission_penalty
TRA_ROA_BUS_NGA_E,2025,TRA_ROA_BUS,emission_penalty
TRA_ROA_BUS_NGA_E,2030,TRA_ROA_BUS,emission_penalty
TRA_ROA_BUS_NGA_E,2040,TRA_ROA_BUS,emission_penalty
TRA_ROA_BUS_NGA_E,2050,TRA_ROA_BUS,emission_penalty
TRA_ROA_BUS_NGA_N,2025,TRA_ROA_BUS,emission_penalty
TRA_ROA_BUS_NGA_N,2030,TRA_ROA_BUS,emission_penalty
TRA_ROA_BUS_NGA_N,2040,TRA_ROA_BUS,emission_penalty
TRA_ROA_BUS_NGA_N,2050,TRA_ROA_BUS,emission_penalty
TRA_ROA_BUS_PLGHYB_N,2025,TRA_ROA_BUS,emission_penalty
TRA_ROA_BUS_PLGHYB_N,2030,TRA_ROA_BUS,emission_penalty
TRA_ROA_BUS_PLGHYB_N,2040,TRA_ROA_BUS,emission_penalty
TRA_ROA_BUS_PLGHYB_N,2050,TRA_ROA_BUS,emission_penalty
TRA_ROA_CAR_DST_E,2025,TRA_ROA_CAR,emission_penalty
TRA_ROA_CAR_DST_E,2030,TRA_ROA_CAR,emission_penalty
TRA_ROA_CAR_DST_E,2040,TRA_ROA_CAR,emission_penalty
TRA_ROA_CAR_DST_E,2050,TRA_ROA_CAR,emission_penalty
TRA_ROA_CAR_DST_N,2025,TRA_ROA_CAR,emission_penalty
TRA_ROA_CAR_DST_N,2030,TRA_ROA_CAR,emission_penalty
TRA_ROA_CAR_DST_N,2040,TRA_ROA_CAR,emission_penalty
TRA_ROA_CAR_DST_N,2050,TRA_ROA_CAR,emission_penalty
TRA_ROA_CAR_FULHYB_N,2025,TRA_ROA_CAR,emission_penalty
TRA_ROA_CAR_FULHYB_N,2030,TRA_ROA_CAR,emission_penalty
TRA_ROA_CAR_FULHYB_N,2040,TRA_ROA_CAR,emission_penalty
TRA_ROA_CAR_FULHYB_N,2050,TRA_ROA_CAR,emission_penalty
TRA_ROA_CAR_GSL_E,2025,TRA_ROA_CAR,emission_penalty
TRA_ROA_CAR_GSL_E,2030,TRA_ROA_CAR,emission_penalty
TRA_ROA_CAR_GSL_E,2040,TRA_ROA_CAR,emission_penalty
TRA_ROA_CAR_GSL_E,2050,TRA_ROA_CAR,emission_penalty
TRA_ROA_CAR_GSL_N,2025,TRA_ROA_CAR,emission_penalty
TRA_ROA_CAR_GSL_N,2030,TRA_ROA_CAR,emission_penalty
TRA_ROA_CAR_GSL_N,2040,TRA_ROA_CAR,emission_penalty
TRA_ROA_CAR_GSL_N,2050,TRA_ROA_CAR,emission_penalty
TRA_ROA_CAR_LPG_E,2025,TRA_ROA_CAR,emission_penalty
TRA_ROA_CAR_LPG_E,2030,TRA_ROA_CAR,emission_penalty
TRA_ROA_CAR_LPG_E,2040,TRA_ROA_CAR,emission_penalty
TRA_ROA_CAR_LPG_E,2050,TRA_ROA_CAR,emission_penalty
TRA_ROA_CAR_LPG_N,2025,TRA_ROA_CAR,emission_penalty
TRA_ROA_CAR_LPG_N,2030,TRA_ROA_CAR,emission_penalty
TRA_ROA_CAR_LPG_N,2040,TRA_ROA_CAR,emission_penalty
TRA_ROA_CAR_LPG_N,2050,TRA_ROA_CAR,emission_penalty
TRA_ROA_CAR_MILHYB_N,2025,TRA_ROA_CAR,emission_penalty
TRA_ROA_CAR_MILHYB_N,2030,TRA_ROA_CAR,emission_penalty
TRA_ROA_CAR_MILHYB_N,2040,TRA_ROA_CAR,emission_penalty
TRA_ROA_CAR_MILHYB_N,2050,TRA_ROA_CAR,emission_penalty
TRA_ROA_CAR_NGA_E,2025,TRA_ROA_CAR,emission_penalty
TRA_ROA_CAR_NGA_E,2030,TRA_ROA_CAR,emission_penalty
TRA_ROA_CAR_NGA_E,2040,TRA_ROA_CAR,emission_penalty
TRA_ROA_CAR_NGA_E,2050,TRA_ROA_CAR,emission_penalty
TRA_ROA_CAR_NGA_N,2025,TRA_ROA_CAR,emission_penalty
TRA_ROA_CAR_NGA_N,2030,TRA_ROA_CAR,emission_penalty
TRA_ROA_CAR_NGA_N,2040,TRA_ROA_CAR,emission_penalty
TRA_ROA_CAR_NGA_N,2050,TRA_ROA_CAR,emission_penalty
TRA_ROA_CAR_PLGHYB_N,2025,TRA_ROA_CAR,emission_penalty
TRA_ROA_CAR_PLGHYB_N,2030,TRA_ROA_CAR,emission_penalty
TRA_ROA_CAR_PLGHYB_N,2040,TRA_ROA_CAR,emission_penalty
TRA_ROA_CAR_PLGHYB_N,2050,TRA_ROA_CAR,emission_penalty
TRA_ROA_HTR_DST_E,2025,TRA_ROA_HTR,emission_penalty
TRA_ROA_HTR_DST_E,2030,TRA_ROA_HTR,emission_penalty
TRA_ROA_HTR_DST_E,2040,TRA_ROA_HTR,emission_penalty
TRA_ROA_HTR_DST_E,2050,TRA_ROA_HTR,emission_penalty
TRA_ROA_HTR_DST_N,2025,TRA_ROA_HTR,emission_penalty
TRA_ROA_HTR_DST_N,2030,TRA_ROA_HTR,emission_penalty
TRA_ROA_HTR_DST_N,2040,TRA_ROA_HTR,emission_penalty
TRA_ROA_HTR_DST_N,2050,TRA_ROA_HTR,emission_penalty
TRA_ROA_HTR_GSL_N,2025,TRA_ROA_HTR,emission_penalty
TRA_ROA_HTR_GSL_N,2030,TRA_ROA_HTR,emission_penalty
TRA_ROA_HTR_GSL_N,2040,TRA_ROA_HTR,emission_penalty
TRA_ROA_HTR_GSL_N,2050,TRA_ROA_HTR,emission_penalty
TRA_ROA_HTR_LPG_N,2025,TRA_ROA_HTR,emission_penalty
TRA_ROA_HTR_LPG_N,2030,TRA_ROA_HTR,emission_penalty
TRA_ROA_HTR_LPG_N,2040,TRA_ROA_HTR,emission_penalty
TRA_ROA_HTR_LPG_N,2050,TRA_ROA_HTR,emission_penalty
TRA_ROA_HTR_NGA_N,2025,TRA_ROA_HTR,emission_penalty
TRA_ROA_HTR_NGA_N,2030,TRA_ROA_HTR,emission_penalty
TRA_ROA_HTR_NGA_N,2040,TRA_ROA_HTR,emission_penalty
TRA_ROA_HTR_NGA_N,2050,TRA_ROA_HTR,emission_penalty
TRA_ROA_HTR_PLGHYB_N,2025,TRA_ROA_HTR,emission_premium
TRA_ROA_HTR_PLGHYB_N,2030,TRA_ROA_HTR,emission_premium
TRA_ROA_HTR_PLGHYB_N,2040,TRA_ROA_HTR,emission_premium
TRA_ROA_HTR_PLGHYB_N,2050,TRA_ROA_HTR,emission_premium
TRA_ROA_LCV_DST_E,2025,TRA_ROA_LCV,emission_penalty
TRA_ROA_LCV_DST_E,2030,TRA_ROA_LCV,emission_penalty
TRA_ROA_LCV_DST_E,2040,TRA_ROA_LCV,emission_penalty
TRA_ROA_LCV_DST_E,2050,TRA_ROA_LCV,emission_penalty
TRA_ROA_LCV_DST_N,2025,TRA_ROA_LCV,emission_penalty
TRA_ROA_LCV_DST_N,2030,TRA_ROA_LCV,emission_penalty
TRA_ROA_LCV_DST_N,2040,TRA_ROA_LCV,emission_penalty
TRA_ROA_LCV_DST_N,2050,TRA_ROA_LCV,emission_penalty
TRA_ROA_LCV_FULHYB_N,2025,TRA_ROA_LCV,emission_penalty
TRA_ROA_LCV_FULHYB_N,2030,TRA_ROA_LCV,emission_penalty
TRA_ROA_LCV_FULHYB_N,2040,TRA_ROA_LCV,emission_penalty
TRA_ROA_LCV_FULHYB_N,2050,TRA_ROA_LCV,emission_penalty
TRA_ROA_LCV_GSL_E,2025,TRA_ROA_LCV,emission_penalty
TRA_ROA_LCV_GSL_E,2030,TRA_ROA_LCV,emission_penalty
TRA_ROA_LCV_GSL_E,2040,TRA_ROA_LCV,emission_penalty
TRA_ROA_LCV_GSL_E,2050,TRA_ROA_LCV,emission_penalty
TRA_ROA_LCV_GSL_N,2025,TRA_ROA_LCV,emission_penalty
TRA_ROA_LCV_GSL_N,2030,TRA_ROA_LCV,emission_penalty
TRA_ROA_LCV_GSL_N,2040,TRA_ROA_LCV,emission_penalty
TRA_ROA_LCV_GSL_N,2050,TRA_ROA_LCV,emission_penalty
TRA_ROA_LCV_LPG_N,2025,TRA_ROA_LCV,emission_penalty
TRA_ROA_LCV_LPG_N,2030,TRA_ROA_LCV,emission_penalty
TRA_ROA_LCV_LPG_N,2040,TRA_ROA_LCV,emission_penalty
TRA_ROA_LCV_LPG_N,2050,TRA_ROA_LCV,emission_penalty
TRA_ROA_LCV_NGA_N,2025,TRA_ROA_LCV,emission_penalty
TRA_ROA_LCV_NGA_N,2030,TRA_ROA_LCV,emission_penalty
TRA_ROA_LCV_NGA_N,2040,TRA_ROA_LCV,emission_penalty
TRA_ROA_LCV_NGA_N,2050,TRA_ROA_LCV,emission_penalty
TRA_ROA_LCV_PLGHYB_N,2025,TRA_ROA_LCV,emission_penalty
TRA_ROA_LCV_PLGHYB_N,2030,TRA_ROA_LCV,emission_penalty
TRA_ROA_LCV_PLGHYB_N,2040,TRA_ROA_LCV,emission_penalty
TRA_ROA_LCV_PLGHYB_N,2050,TRA_ROA_LCV,emission_penalty
TRA_ROA_MCY_GSL_E,2025,TRA_ROA_2WH,emission_penalty
TRA_ROA_MCY_GSL_E,2030,TRA_ROA_2WH,emission_penalty
TRA_ROA_MCY_GSL_E,2040,TRA_ROA_2WH,emission_penalty
TRA_ROA_MCY_GSL_E,2050,TRA_ROA_2WH,emission_penalty
TRA_ROA_MOP_GSL_E,2025,TRA_ROA_2WH,emission_penalty
TRA_ROA_MOP_GSL_E,2030,TRA_ROA_2WH,emission_penalty
TRA_ROA_MOP_GSL_E,2040,TRA_ROA_2WH,emission_penalty
TRA_ROA_MOP_GSL_E,2050,TRA_ROA_2WH,emission_penalty
TRA_ROA_MTR_DST_E,2025,TRA_ROA_MTR,emission_penalty
TRA_ROA_MTR_DST_E,2030,TRA_ROA_MTR,emission_penalty
TRA_ROA_MTR_DST_E,2040,TRA_ROA_MTR,emission_penalty
TRA_ROA_MTR_DST_E,2050,TRA_ROA_MTR,emission_penalty
TRA_ROA_MTR_DST_N,2025,TRA_ROA_MTR,emission_penalty
TRA_ROA_MTR_DST_N,2030,TRA_ROA_MTR,emission_penalty
TRA_ROA_MTR_DST_N,2040,TRA_ROA_MTR,emission_penalty
TRA_ROA_MTR_DST_N,2050,TRA_ROA_MTR,emission_penalty
TRA_ROA_MTR_GSL_N,2025,TRA_ROA_MTR,emission_penalty
TRA_ROA_MTR_GSL_N,2030,TRA_ROA_MTR,emission_penalty
TRA_ROA_MTR_GSL_N,2040,TRA_ROA_MTR,emission_penalty
TRA_ROA_MTR_GSL_N,2050,TRA_ROA_MTR,emission_penalty
TRA_ROA_MTR_LPG_N,2025,TRA_ROA_MTR,emission_penalty
TRA_ROA_MTR_LPG_N,2030,TRA_ROA_MTR,emission_penalty
TRA_ROA_MTR_LPG_N,2040,TRA_ROA_MTR,emission_penalty
TRA_ROA_MTR_LPG_N,2050,TRA_ROA_MTR,emission_penalty
TRA_ROA_MTR_NGA_N,2025,TRA_ROA_MTR,emission_penalty
TRA_ROA_MTR_NGA_N,2030,TRA_ROA_MTR,emission_penalty
TRA_ROA_MTR_NGA_N,2040,TRA_ROA_MTR,emission_penalty
TRA_ROA_MTR_NGA_N,2050,TRA_ROA_MTR,emission_penalty
TRA_ROA_MTR_PLGHYB_N,2025,TRA_ROA_MTR,emission_premium
TRA_ROA_MTR_PLGHYB_N,2030,TRA_ROA_MTR,emission_premium
TRA_ROA_MTR_PLGHYB_N,2040,TRA_ROA_MTR,emission_premium
TRA_ROA_MTR_PLGHYB_N,2050,TRA_ROA_MTR,emission_premium
