TRA_RAIL_FRG_E,2025,-0.0026
TRA_RAIL_FRG_E,2030,-0.0026
TRA_RAIL_FRG_E,2040,-0.0026
TRA_RAIL_FRG_E,2050,-0.0026
TRA_RAIL_PAS_E,2025,-0.0026
TRA_RAIL_PAS_E,2030,-0.0026
TRA_RAIL_PAS_E,2040,-0.0026
TRA_RAIL_PAS_E,2050,-0.0026
TRA_ROA_BUS_DST_E,2025,-0.0026
TRA_ROA_BUS_DST_E,2030,-0.0026
TRA_ROA_BUS_DST_E,2040,-0.0026
TRA_ROA_BUS_DST_E,2050,-0.0026
TRA_ROA_BUS_NGA_E,2025,-0.0026
TRA_ROA_BUS_NGA_E,2030,-0.0026
TRA_ROA_BUS_NGA_E,2040,-0.0026
TRA_ROA_BUS_NGA_E,2050,-0.0026
TRA_ROA_CAR_DST_E,2025,-0.0026
TRA_ROA_CAR_DST_E,2030,-0.0026
TRA_ROA_CAR_DST_E,2040,-0.0026
TRA_ROA_CAR_DST_E,2050,-0.0026
TRA_ROA_CAR_GSL_E,2025,-0.0026
TRA_ROA_CAR_GSL_E,2030,-0.0026
TRA_ROA_CAR_GSL_E,2040,-0.0026
TRA_ROA_CAR_GSL_E,2050,-0.0026
TRA_ROA_CAR_LPG_E,2025,-0.0026
TRA_ROA_CAR_LPG_E,2030,-0.0026
TRA_ROA_CAR_LPG_E,2040,-0.0026
TRA_ROA_CAR_LPG_E,2050,-0.0026
TRA_ROA_CAR_NGA_E,2025,-0.0026
TRA_ROA_CAR_NGA_E,2030,-0.0026
TRA_ROA_CAR_NGA_E,2040,-0.0026
TRA_ROA_CAR_NGA_E,2050,-0.0026
TRA_ROA_HTR_DST_E,2025,-0.0026
TRA_ROA_HTR_DST_E,2030,-0.0026
TRA_ROA_HTR_DST_E,2040,-0.0026
TRA_ROA_HTR_DST_E,2050,-0.0026
TRA_ROA_LCV_DST_E,2025,-0.0026
TRA_ROA_LCV_DST_E,2030,-0.0026
TRA_ROA_LCV_DST_E,2040,-0.0026
TRA_ROA_LCV_DST_E,2050,-0.0026
TRA_ROA_LCV_GSL_E,2025,-0.0026
TRA_ROA_LCV_GSL_E,2030,-0.0026
TRA_ROA_LCV_GSL_E,2040,-0.0026
TRA_ROA_LCV_GSL_E,2050,-0.0026
TRA_ROA_MOP_GSL_E,2025,-0.0026
TRA_ROA_MOP_GSL_E,2030,-0.0026
TRA_ROA_MOP_GSL_E,2040,-0.0026
TRA_ROA_MOP_GSL_E,2050,-0.0026
TRA_ROA_MCY_GSL_E,2025,-0.0026
TRA_ROA_MCY_GSL_E,2030,-0.0026
TRA_ROA_MCY_GSL_E,2040,-0.0026
TRA_ROA_MCY_GSL_E,2050,-0.0026
TRA_ROA_MTR_DST_E,2025,-0.0026
TRA_ROA_MTR_DST_E,2030,-0.0026
TRA_ROA_MTR_DST_E,2040,-0.0026
TRA_ROA_MTR_DST_E,2050,-0.0026
TRA_RAIL_PAS_DST_N,2025,-0.0026
TRA_RAIL_PAS_DST_N,2030,-0.0026
TRA_RAIL_PAS_DST_N,2040,-0.0026
TRA_RAIL_PAS_DST_N,2050,-0.0026
TRA_RAIL_FRG_DST_N,2025,-0.0026
TRA_RAIL_FRG_DST_N,2030,-0.0026
TRA_RAIL_FRG_DST_N,2040,-0.0026
TRA_RAIL_FRG_DST_N,2050,-0.0026
TRA_ROA_2WH_GSL_N,2025,-0.0026
TRA_ROA_2WH_GSL_N,2030,-0.0026
TRA_ROA_2WH_GSL_N,2040,-0.0026
TRA_ROA_2WH_GSL_N,2050,-0.0026
TRA_ROA_2WH_DST_N,2025,-0.0026
TRA_ROA_2WH_DST_N,2030,-0.0026
TRA_ROA_2WH_DST_N,2040,-0.0026
TRA_ROA_2WH_DST_N,2050,-0.0026
TRA_ROA_2WH_FULHYB_N,2025,-0.0026
TRA_ROA_2WH_FULHYB_N,2030,-0.0026
TRA_ROA_2WH_FULHYB_N,2040,-0.0026
TRA_ROA_2WH_FULHYB_N,2050,-0.0026
TRA_ROA_BUS_GSL_N,2025,-0.0026
TRA_ROA_BUS_GSL_N,2030,-0.0026
TRA_ROA_BUS_GSL_N,2040,-0.0026
TRA_ROA_BUS_GSL_N,2050,-0.0026
TRA_ROA_BUS_DST_N,2025,-0.0026
TRA_ROA_BUS_DST_N,2030,-0.0026
TRA_ROA_BUS_DST_N,2040,-0.0026
TRA_ROA_BUS_DST_N,2050,-0.0026
TRA_ROA_BUS_LPG_N,2025,-0.0026
TRA_ROA_BUS_LPG_N,2030,-0.0026
TRA_ROA_BUS_LPG_N,2040,-0.0026
TRA_ROA_BUS_LPG_N,2050,-0.0026
TRA_ROA_BUS_NGA_N,2025,-0.0026
TRA_ROA_BUS_NGA_N,2030,-0.0026
TRA_ROA_BUS_NGA_N,2040,-0.0026
TRA_ROA_BUS_NGA_N,2050,-0.0026
TRA_ROA_BUS_PLGHYB_N,2025,-0.0026
TRA_ROA_BUS_PLGHYB_N,2030,-0.0026
TRA_ROA_BUS_PLGHYB_N,2040,-0.0026
TRA_ROA_BUS_PLGHYB_N,2050,-0.0026
TRA_ROA_CAR_GSL_N,2025,-0.0026
TRA_ROA_CAR_GSL_N,2030,-0.0026
TRA_ROA_CAR_GSL_N,2040,-0.0026
TRA_ROA_CAR_GSL_N,2050,-0.0026
TRA_ROA_CAR_DST_N,2025,-0.0026
TRA_ROA_CAR_DST_N,2030,-0.0026
TRA_ROA_CAR_DST_N,2040,-0.0026
TRA_ROA_CAR_DST_N,2050,-0.0026
TRA_ROA_CAR_LPG_N,2025,-0.0026
TRA_ROA_CAR_LPG_N,2030,-0.0026
TRA_ROA_CAR_LPG_N,2040,-0.0026
TRA_ROA_CAR_LPG_N,2050,-0.0026
TRA_ROA_CAR_NGA_N,2025,-0.0026
TRA_ROA_CAR_NGA_N,2030,-0.0026
TRA_ROA_CAR_NGA_N,2040,-0.0026
TRA_ROA_CAR_NGA_N,2050,-0.0026
TRA_ROA_CAR_MILHYB_N,2025,-0.0026
TRA_ROA_CAR_MILHYB_N,2030,-0.0026
TRA_ROA_CAR_MILHYB_N,2040,-0.0026
TRA_ROA_CAR_MILHYB_N,2050,-0.0026
TRA_ROA_CAR_FULHYB_N,2025,-0.0026
TRA_ROA_CAR_FULHYB_N,2030,-0.0026
TRA_ROA_CAR_FULHYB_N,2040,-0.0026
TRA_ROA_CAR_FULHYB_N,2050,-0.0026
TRA_ROA_CAR_PLGHYB_N,2025,-0.0026
TRA_ROA_CAR_PLGHYB_N,2030,-0.0026
TRA_ROA_CAR_PLGHYB_N,2040,-0.0026
TRA_ROA_CAR_PLGHYB_N,2050,-0.0026
TRA_ROA_HTR_GSL_N,2025,-0.0026
TRA_ROA_HTR_GSL_N,2030,-0.0026
TRA_ROA_HTR_GSL_N,2040,-0.0026
TRA_ROA_HTR_GSL_N,2050,-0.0026
TRA_ROA_HTR_DST_N,2025,-0.0026
TRA_ROA_HTR_DST_N,2030,-0.0026
TRA_ROA_HTR_DST_N,2040,-0.0026
TRA_ROA_HTR_DST_N,2050,-0.0026
TRA_ROA_HTR_LPG_N,2025,-0.0026
TRA_ROA_HTR_LPG_N,2030,-0.0026
TRA_ROA_HTR_LPG_N,2040,-0.0026
TRA_ROA_HTR_LPG_N,2050,-0.0026
TRA_ROA_HTR_NGA_N,2025,-0.0026
TRA_ROA_HTR_NGA_N,2030,-0.0026
TRA_ROA_HTR_NGA_N,2040,-0.0026
TRA_ROA_HTR_NGA_N,2050,-0.0026
TRA_ROA_HTR_PLGHYB_N,2025,-0.0026
TRA_ROA_HTR_PLGHYB_N,2030,-0.0026
TRA_ROA_HTR_PLGHYB_N,2040,-0.0026
TRA_ROA_HTR_PLGHYB_N,2050,-0.0026
TRA_ROA_LCV_GSL_N,2025,-0.0026
TRA_ROA_LCV_GSL_N,2030,-0.0026
TRA_ROA_LCV_GSL_N,2040,-0.0026
TRA_ROA_LCV_GSL_N,2050,-0.0026
TRA_ROA_LCV_DST_N,2025,-0.0026
TRA_ROA_LCV_DST_N,2030,-0.0026
TRA_ROA_LCV_DST_N,2040,-0.0026
TRA_ROA_LCV_DST_N,2050,-0.0026
TRA_ROA_LCV_LPG_N,2025,-0.0026
TRA_ROA_LCV_LPG_N,2030,-0.0026
TRA_ROA_LCV_LPG_N,2040,-0.0026
TRA_ROA_LCV_LPG_N,2050,-0.0026
TRA_ROA_LCV_NGA_N,2025,-0.0026
TRA_ROA_LCV_NGA_N,2030,-0.0026
TRA_ROA_LCV_NGA_N,2040,-0.0026
TRA_ROA_LCV_NGA_N,2050,-0.0026
TRA_ROA_LCV_FULHYB_N,2025,-0.0026
TRA_ROA_LCV_FULHYB_N,2030,-0.0026
TRA_ROA_LCV_FULHYB_N,2040,-0.0026
TRA_ROA_LCV_FULHYB_N,2050,-0.0026
TRA_ROA_LCV_PLGHYB_N,2025,-0.0026
TRA_ROA_LCV_PLGHYB_N,2030,-0.0026
TRA_ROA_LCV_PLGHYB_N,2040,-0.0026
TRA_ROA_LCV_PLGHYB_N,2050,-0.0026
TRA_ROA_MTR_GSL_N,2025,-0.0026
TRA_ROA_MTR_GSL_N,2030,-0.0026
TRA_ROA_MTR_GSL_N,2040,-0.0026
TRA_ROA_MTR_GSL_N,2050,-0.0026
TRA_ROA_MTR_DST_N,2025,-0.0026
TRA_ROA_MTR_DST_N,2030,-0.0026
TRA_ROA_MTR_DST_N,2040,-0.0026
TRA_ROA_MTR_DST_N,2050,-0.0026
TRA_ROA_MTR_LPG_N,2025,-0.0026
TRA_ROA_MTR_LPG_N,2030,-0.0026
TRA_ROA_MTR_LPG_N,2040,-0.0026
TRA_ROA_MTR_LPG_N,2050,-0.0026
TRA_ROA_MTR_NGA_N,2025,-0.0026
TRA_ROA_MTR_NGA_N,2030,-0.0026
TRA_ROA_MTR_NGA_N,2040,-0.0026
TRA_ROA_MTR_NGA_N,2050,-0.0026
TRA_ROA_MTR_PLGHYB_N,2025,-0.0026
TRA_ROA_MTR_PLGHYB_N,2030,-0.0026
TRA_ROA_MTR_PLGHYB_N,2040,-0.0026
TRA_ROA_MTR_PLGHYB_N,2050,-0.0026
IND_CH_BTX_E,2025,-0.0026
IND_CH_BTX_E,2030,-0.0026
IND_CH_BTX_E,2040,-0.0026
IND_CH_BTX_E,2050,-0.0026
IND_CH_AMM_E,2025,-0.0026
IND_CH_AMM_E,2030,-0.0026
IND_CH_AMM_E,2040,-0.0026
IND_CH_AMM_E,2050,-0.0026
IND_CH_MTH_E,2025,-0.0026
IND_CH_MTH_E,2030,-0.0026
IND_CH_MTH_E,2040,-0.0026
IND_CH_MTH_E,2050,-0.0026
IND_IS_BOF_E,2025,-0.0026
IND_IS_BOF_E,2030,-0.0026
IND_IS_BOF_E,2040,-0.0026
IND_IS_BOF_E,2050,-0.0026
IND_IS_EAF_E,2025,-0.0026
IND_IS_EAF_E,2030,-0.0026
IND_IS_EAF_E,2040,-0.0026
IND_IS_EAF_E,2050,-0.0026
IND_NF_ALU_E,2025,-0.0026
IND_NF_ALU_E,2030,-0.0026
IND_NF_ALU_E,2040,-0.0026
IND_NF_ALU_E,2050,-0.0026
IND_NM_CLK_DRY_E,2025,-0.0026
IND_NM_CLK_DRY_E,2030,-0.0026
IND_NM_CLK_DRY_E,2040,-0.0026
IND_NM_CLK_DRY_E,2050,-0.0026
IND_NM_CLK_WET_E,2025,-0.0026
IND_NM_CLK_WET_E,2030,-0.0026
IND_NM_CLK_WET_E,2040,-0.0026
IND_NM_CLK_WET_E,2050,-0.0026
IND_CH_HVC_NAPSC_N,2025,-0.0026
IND_CH_HVC_NAPSC_N,2030,-0.0026
IND_CH_HVC_NAPSC_N,2040,-0.0026
IND_CH_HVC_NAPSC_N,2050,-0.0026
IND_CH_HVC_ETHSC_N,2025,-0.0026
IND_CH_HVC_ETHSC_N,2030,-0.0026
IND_CH_HVC_ETHSC_N,2040,-0.0026
IND_CH_HVC_ETHSC_N,2050,-0.0026
IND_CH_HVC_GSOSC_N,2025,-0.0026
IND_CH_HVC_GSOSC_N,2030,-0.0026
IND_CH_HVC_GSOSC_N,2040,-0.0026
IND_CH_HVC_GSOSC_N,2050,-0.0026
IND_CH_HVC_LPGSC_N,2025,-0.0026
IND_CH_HVC_LPGSC_N,2030,-0.0026
IND_CH_HVC_LPGSC_N,2040,-0.0026
IND_CH_HVC_LPGSC_N,2050,-0.0026
IND_CH_HVC_NCC_N,2025,-0.0026
IND_CH_HVC_NCC_N,2030,-0.0026
IND_CH_HVC_NCC_N,2040,-0.0026
IND_CH_HVC_NCC_N,2050,-0.0026
IND_CH_HVC_BDH_N,2025,-0.0026
IND_CH_HVC_BDH_N,2030,-0.0026
IND_CH_HVC_BDH_N,2040,-0.0026
IND_CH_HVC_BDH_N,2050,-0.0026
IND_CH_AMM_NGASR_N,2025,-0.0026
IND_CH_AMM_NGASR_N,2030,-0.0026
IND_CH_AMM_NGASR_N,2040,-0.0026
IND_CH_AMM_NGASR_N,2050,-0.0026
IND_CH_AMM_NGASR_CCS_N,2025,-0.0026
IND_CH_AMM_NGASR_CCS_N,2030,-0.0026
IND_CH_AMM_NGASR_CCS_N,2040,-0.0026
IND_CH_AMM_NGASR_CCS_N,2050,-0.0026
IND_CH_AMM_NAPPOX_N,2025,-0.0026
IND_CH_AMM_NAPPOX_N,2030,-0.0026
IND_CH_AMM_NAPPOX_N,2040,-0.0026
IND_CH_AMM_NAPPOX_N,2050,-0.0026
IND_CH_AMM_COAGSF_N,2025,-0.0026
IND_CH_AMM_COAGSF_N,2030,-0.0026
IND_CH_AMM_COAGSF_N,2040,-0.0026
IND_CH_AMM_COAGSF_N,2050,-0.0026
IND_CH_AMM_BIOGSF_N,2025,-0.0026
IND_CH_AMM_BIOGSF_N,2030,-0.0026
IND_CH_AMM_BIOGSF_N,2040,-0.0026
IND_CH_AMM_BIOGSF_N,2050,-0.0026
IND_CH_MTH_NGASR_N,2025,-0.0026
IND_CH_MTH_NGASR_N,2030,-0.0026
IND_CH_MTH_NGASR_N,2040,-0.0026
IND_CH_MTH_NGASR_N,2050,-0.0026
IND_CH_MTH_NGASR_CCS_N,2025,-0.0026
IND_CH_MTH_NGASR_CCS_N,2030,-0.0026
IND_CH_MTH_NGASR_CCS_N,2040,-0.0026
IND_CH_MTH_NGASR_CCS_N,2050,-0.0026
IND_CH_MTH_COGSR_N,2025,-0.0026
IND_CH_MTH_COGSR_N,2030,-0.0026
IND_CH_MTH_COGSR_N,2040,-0.0026
IND_CH_MTH_COGSR_N,2050,-0.0026
IND_CH_MTH_LPGSR_N,2025,-0.0026
IND_CH_MTH_LPGSR_N,2030,-0.0026
IND_CH_MTH_LPGSR_N,2040,-0.0026
IND_CH_MTH_LPGSR_N,2050,-0.0026
IND_CH_MTH_COAGSF_N,2025,-0.0026
IND_CH_MTH_COAGSF_N,2030,-0.0026
IND_CH_MTH_COAGSF_N,2040,-0.0026
IND_CH_MTH_COAGSF_N,2050,-0.0026
IND_CH_MTH_BIOGSF_N,2025,-0.0026
IND_CH_MTH_BIOGSF_N,2030,-0.0026
IND_CH_MTH_BIOGSF_N,2040,-0.0026
IND_CH_MTH_BIOGSF_N,2050,-0.0026
IND_IS_BOF_BFBOF_N,2025,-0.0026
IND_IS_BOF_BFBOF_N,2030,-0.0026
IND_IS_BOF_BFBOF_N,2040,-0.0026
IND_IS_BOF_BFBOF_N,2050,-0.0026
IND_IS_BOF_BFBOF_CCS_N,2030,-0.0026
IND_IS_BOF_BFBOF_CCS_N,2040,-0.0026
IND_IS_BOF_BFBOF_CCS_N,2050,-0.0026
IND_IS_BOF_BFTGRBOF_CCS_N,2040,-0.0026
IND_IS_BOF_BFTGRBOF_CCS_N,2050,-0.0026
IND_IS_DRI_DRIEAF_N,2025,-0.0026
IND_IS_DRI_DRIEAF_N,2030,-0.0026
IND_IS_DRI_DRIEAF_N,2040,-0.0026
IND_IS_DRI_DRIEAF_N,2050,-0.0026
IND_IS_DRI_DRIEAF_CCS_N,2030,-0.0026
IND_IS_DRI_DRIEAF_CCS_N,2040,-0.0026
IND_IS_DRI_DRIEAF_CCS_N,2050,-0.0026
IND_IS_DRI_HDREAF_N,2030,-0.0026
IND_IS_DRI_HDREAF_N,2040,-0.0026
IND_IS_DRI_HDREAF_N,2050,-0.0026
IND_IS_BOF_HISBOF_N,2025,-0.0026
IND_IS_BOF_HISBOF_N,2030,-0.0026
IND_IS_BOF_HISBOF_N,2040,-0.0026
IND_IS_BOF_HISBOF_N,2050,-0.0026
IND_IS_BOF_HISBOF_CCS_N,2030,-0.0026
IND_IS_BOF_HISBOF_CCS_N,2040,-0.0026
IND_IS_BOF_HISBOF_CCS_N,2050,-0.0026
IND_IS_BOF_ULCOWIN_N,2030,-0.0026
IND_IS_BOF_ULCOWIN_N,2040,-0.0026
IND_IS_BOF_ULCOWIN_N,2050,-0.0026
IND_IS_BOF_ULCOLYSIS_N,2030,-0.0026
IND_IS_BOF_ULCOLYSIS_N,2040,-0.0026
IND_IS_BOF_ULCOLYSIS_N,2050,-0.0026
IND_IS_BOF_ULCORED_CCS_N,2030,-0.0026
IND_IS_BOF_ULCORED_CCS_N,2040,-0.0026
IND_IS_BOF_ULCORED_CCS_N,2050,-0.0026
IND_NF_ALU_HLH_N,2025,-0.0026
IND_NF_ALU_HLH_N,2030,-0.0026
IND_NF_ALU_HLH_N,2040,-0.0026
IND_NF_ALU_HLH_N,2050,-0.0026
IND_NF_ALU_SEC_N,2025,-0.0026
IND_NF_ALU_SEC_N,2030,-0.0026
IND_NF_ALU_SEC_N,2040,-0.0026
IND_NF_ALU_SEC_N,2050,-0.0026
IND_NF_ALU_HLHIA_N,2030,-0.0026
IND_NF_ALU_HLHIA_N,2040,-0.0026
IND_NF_ALU_HLHIA_N,2050,-0.0026
IND_NF_ALU_CBT_N,2050,-0.0026
IND_NM_CLK_DRY_N,2025,-0.0026
IND_NM_CLK_DRY_N,2030,-0.0026
IND_NM_CLK_DRY_N,2040,-0.0026
IND_NM_CLK_DRY_N,2050,-0.0026
IND_NM_CLK_DRY_BIO_N,2025,-0.0026
IND_NM_CLK_DRY_BIO_N,2030,-0.0026
IND_NM_CLK_DRY_BIO_N,2040,-0.0026
IND_NM_CLK_DRY_BIO_N,2050,-0.0026
IND_NM_CLK_WET_N,2025,-0.0026
IND_NM_CLK_WET_N,2030,-0.0026
IND_NM_CLK_WET_N,2040,-0.0026
IND_NM_CLK_WET_N,2050,-0.0026
IND_NM_CLK_DRYCL_PCCS_N,2025,-0.0026
IND_NM_CLK_DRYCL_PCCS_N,2030,-0.0026
IND_NM_CLK_DRYCL_PCCS_N,2040,-0.0026
IND_NM_CLK_DRYCL_PCCS_N,2050,-0.0026
IND_NM_CLK_DRYCL_PCCS_BIO_N,2025,-0.0026
IND_NM_CLK_DRYCL_PCCS_BIO_N,2030,-0.0026
IND_NM_CLK_DRYCL_PCCS_BIO_N,2040,-0.0026
IND_NM_CLK_DRYCL_PCCS_BIO_N,2050,-0.0026
IND_NM_CLK_DRYCL_OCCS_N,2030,-0.0026
IND_NM_CLK_DRYCL_OCCS_N,2040,-0.0026
IND_NM_CLK_DRYCL_OCCS_N,2050,-0.0026
IND_NM_CLK_DRYCL_OCCS_BIO_N,2030,-0.0026
IND_NM_CLK_DRYCL_OCCS_BIO_N,2040,-0.0026
IND_NM_CLK_DRYCL_OCCS_BIO_N,2050,-0.0026
IND_NM_CEM_AAC_N,2030,-0.0026
IND_NM_CEM_AAC_N,2040,-0.0026
IND_NM_CEM_AAC_N,2050,-0.0026
IND_NM_CEM_BEL_N,2030,-0.0026
IND_NM_CEM_BEL_N,2040,-0.0026
IND_NM_CEM_BEL_N,2050,-0.0026
H2_SMR_CL,2025,-0.0026
H2_SMR_CL,2030,-0.0026
H2_SMR_CL,2040,-0.0026
H2_SMR_CL,2050,-0.0026
H2_SMR_CS,2025,0.0026
H2_SMR_CS,2030,-0.0026
H2_SMR_CS,2040,-0.0026
H2_SMR_CS,2050,-0.0026
H2_SMR_DM,2025,-0.0026
H2_SMR_DM,2030,-0.0026
H2_SMR_DM,2040,-0.0026
H2_SMR_DM,2050,-0.0026
H2_SMR_DS,2025,0.0026
H2_SMR_DS,2030,0.0026
H2_SMR_DS,2040,0.0026
H2_SMR_DS,2050,0.0026
H2_COA_CL,2025,0.0026
H2_COA_CL,2030,-0.0026
H2_COA_CL,2040,-0.0026
H2_COA_CL,2050,-0.0026
H2_COA_CM,2025,-0.0026
H2_COA_CM,2030,-0.0026
H2_COA_CM,2040,-0.0026
H2_COA_CM,2050,-0.0026
H2_HOPO,2025,-0.0026
H2_HOPO,2030,-0.0026
H2_HOPO,2040,-0.0026
H2_HOPO,2050,-0.0026
H2_SBR_C,2025,-0.0026
H2_SBR_C,2030,-0.0026
H2_SBR_C,2040,-0.0026
H2_SBR_C,2050,-0.0026
H2_SBG_DS,2025,0.0026
H2_SBG_DS,2030,0.0026
H2_SBG_DS,2040,0.0026
H2_SBG_DS,2050,0.0026
H2_SBG_CM,2025,0.0026
H2_SBG_CM,2030,0.0026
H2_SBG_CM,2040,0.0026
H2_SBG_CM,2050,0.0026
CCUS_H2_SMR_CL,2025,0.0026
CCUS_H2_SMR_CL,2030,-0.0026
CCUS_H2_SMR_CL,2040,-0.0026
CCUS_H2_SMR_CL,2050,-0.0026
CCUS_H2_SMR_CS,2025,0.0026
CCUS_H2_SMR_CS,2030,-0.0026
CCUS_H2_SMR_CS,2040,-0.0026
CCUS_H2_SMR_CS,2050,-0.0026
CCUS_H2_COA_CL,2025,0.0026
CCUS_H2_COA_CL,2030,0.0026
CCUS_H2_COA_CL,2040,0.0026
CCUS_H2_COA_CL,2050,0.0026
CCUS_H2_COA_CM,2025,-0.0026
CCUS_H2_COA_CM,2030,-0.0026
CCUS_H2_COA_CM,2040,-0.0026
CCUS_H2_COA_CM,2050,-0.0026
CCUS_H2_SBG_CM,2025,0.0026
CCUS_H2_SBG_CM,2030,0.0026
CCUS_H2_SBG_CM,2040,0.0026
CCUS_H2_SBG_CM,2050,0.0026
CCUS_DAC,2025,-0.0026
CCUS_DAC,2030,-0.0026
CCUS_DAC,2040,-0.0026
CCUS_DAC,2050,-0.0026
H2_AEM_DS,2050,-0.0026
H2_DMY_CTE,2025,-0.0026
H2_DMY_CTE,2030,-0.0026
H2_DMY_CTE,2040,-0.0026
H2_DMY_CTE,2050,-0.0026
H2_DMY_CUE,2025,-0.0026
H2_DMY_CUE,2030,-0.0026
H2_DMY_CUE,2040,-0.0026
H2_DMY_CUE,2050,-0.0026
H2_DMY_DTE,2025,-0.0026
H2_DMY_DTE,2030,-0.0026
H2_DMY_DTE,2040,-0.0026
H2_DMY_DTE,2050,-0.0026
H2_ELALK_CL,2025,-0.0026
H2_ELALK_CL,2030,-0.0026
H2_ELALK_CL,2040,-0.0026
H2_ELALK_CL,2050,-0.0026
H2_ELALK_DS,2025,0.0026
H2_ELALK_DS,2030,0.0026
H2_ELALK_DS,2040,-0.0026
H2_ELALK_DS,2050,-0.0026
H2_ELPEM_CL,2025,0.0026
H2_ELPEM_CL,2030,-0.0026
H2_ELPEM_CL,2040,-0.0026
H2_ELPEM_CL,2050,-0.0026
H2_ELPEM_DS,2025,0.0026
H2_ELPEM_DS,2030,0.0026
H2_ELPEM_DS,2040,0.0026
H2_ELPEM_DS,2050,-0.0026
H2_SER_D,2025,0.0026
H2_SER_D,2030,0.0026
H2_SER_D,2040,0.0026
H2_SER_D,2050,0.0026
H2_SOEC_CL,2025,-0.0026
H2_SOEC_CL,2030,-0.0026
H2_SOEC_CL,2040,-0.0026
H2_SOEC_CL,2050,-0.0026
H2_SOEC_DS,2025,-0.0026
H2_SOEC_DS,2030,-0.0026
H2_SOEC_DS,2040,-0.0026
H2_SOEC_DS,2050,-0.0026
H2_ST_CT,2025,-0.0026
H2_ST_CT,2030,-0.0026
H2_ST_CT,2040,-0.0026
H2_ST_CT,2050,-0.0026
H2_ST_DT,2025,-0.0026
H2_ST_DT,2030,-0.0026
H2_ST_DT,2040,-0.0026
H2_ST_DT,2050,-0.0026
H2_ST_UG,2025,-0.0026
H2_ST_UG,2030,-0.0026
H2_ST_UG,2040,-0.0026
H2_ST_UG,2050,-0.0026
IND_CH_AMM_ELCSYS_N,2025,-0.0026
IND_CH_AMM_ELCSYS_N,2030,-0.0026
IND_CH_AMM_ELCSYS_N,2040,-0.0026
IND_CH_AMM_ELCSYS_N,2050,-0.0026
IND_CH_HVC_N,2025,-0.0026
IND_CH_HVC_N,2030,-0.0026
IND_CH_HVC_N,2040,-0.0026
IND_CH_HVC_N,2050,-0.0026
IND_CH_MTH_ELCSYS_N,2025,-0.0026
IND_CH_MTH_ELCSYS_N,2030,-0.0026
IND_CH_MTH_ELCSYS_N,2040,-0.0026
IND_CH_MTH_ELCSYS_N,2050,-0.0026
IND_NF_ALU_KAO_N,2050,-0.0026
IND_NM_CEM_BLN_N,2025,-0.0026
IND_NM_CEM_BLN_N,2030,-0.0026
IND_NM_CEM_BLN_N,2040,-0.0026
IND_NM_CEM_BLN_N,2050,-0.0026
TRA_RAIL_FRG_ELC_N,2025,-0.0026
TRA_RAIL_FRG_ELC_N,2030,-0.0026
TRA_RAIL_FRG_ELC_N,2040,-0.0026
TRA_RAIL_FRG_ELC_N,2050,-0.0026
TRA_RAIL_FRG_H2G_MNL_N,2030,-0.0026
TRA_RAIL_FRG_H2G_MNL_N,2040,-0.0026
TRA_RAIL_FRG_H2G_MNL_N,2050,-0.0026
TRA_RAIL_FRG_H2G_SNT_N,2030,-0.0026
TRA_RAIL_FRG_H2G_SNT_N,2040,-0.0026
TRA_RAIL_FRG_H2G_SNT_N,2050,-0.0026
TRA_RAIL_PAS_ELC_N,2025,-0.0026
TRA_RAIL_PAS_ELC_N,2030,-0.0026
TRA_RAIL_PAS_ELC_N,2040,-0.0026
TRA_RAIL_PAS_ELC_N,2050,-0.0026
TRA_RAIL_PAS_H2G_N,2030,-0.0026
TRA_RAIL_PAS_H2G_N,2040,-0.0026
TRA_RAIL_PAS_H2G_N,2050,-0.0026
TRA_ROA_2WH_ELC_N,2025,-0.0026
TRA_ROA_2WH_ELC_N,2030,-0.0026
TRA_ROA_2WH_ELC_N,2040,-0.0026
TRA_ROA_2WH_ELC_N,2050,-0.0026
TRA_ROA_BUS_BIO_E,2025,-0.0026
TRA_ROA_BUS_BIO_E,2030,-0.0026
TRA_ROA_BUS_BIO_E,2040,-0.0026
TRA_ROA_BUS_BIO_E,2050,-0.0026
TRA_ROA_BUS_ELC_N,2025,-0.0026
TRA_ROA_BUS_ELC_N,2030,-0.0026
TRA_ROA_BUS_ELC_N,2040,-0.0026
TRA_ROA_BUS_ELC_N,2050,-0.0026
TRA_ROA_BUS_FCELL_N,2025,-0.0026
TRA_ROA_BUS_FCELL_N,2030,-0.0026
TRA_ROA_BUS_FCELL_N,2040,-0.0026
TRA_ROA_BUS_FCELL_N,2050,-0.0026
TRA_ROA_CAR_BIO_E,2025,-0.0026
TRA_ROA_CAR_BIO_E,2030,-0.0026
TRA_ROA_CAR_BIO_E,2040,-0.0026
TRA_ROA_CAR_BIO_E,2050,-0.0026
TRA_ROA_CAR_ELC_N,2025,-0.0026
TRA_ROA_CAR_ELC_N,2030,-0.0026
TRA_ROA_CAR_ELC_N,2040,-0.0026
TRA_ROA_CAR_ELC_N,2050,-0.0026
TRA_ROA_CAR_FCELL_N,2025,-0.0026
TRA_ROA_CAR_FCELL_N,2030,-0.0026
TRA_ROA_CAR_FCELL_N,2040,-0.0026
TRA_ROA_CAR_FCELL_N,2050,-0.0026
TRA_ROA_HTR_BIO_E,2025,-0.0026
TRA_ROA_HTR_BIO_E,2030,-0.0026
TRA_ROA_HTR_BIO_E,2040,-0.0026
TRA_ROA_HTR_BIO_E,2050,-0.0026
TRA_ROA_HTR_ELC_N,2025,-0.0026
TRA_ROA_HTR_ELC_N,2030,-0.0026
TRA_ROA_HTR_ELC_N,2040,-0.0026
TRA_ROA_HTR_ELC_N,2050,-0.0026
TRA_ROA_HTR_FCELL_N,2025,-0.0026
TRA_ROA_HTR_FCELL_N,2030,-0.0026
TRA_ROA_HTR_FCELL_N,2040,-0.0026
TRA_ROA_HTR_FCELL_N,2050,-0.0026
TRA_ROA_LCV_BIO_E,2025,-0.0026
TRA_ROA_LCV_BIO_E,2030,-0.0026
TRA_ROA_LCV_BIO_E,2040,-0.0026
TRA_ROA_LCV_BIO_E,2050,-0.0026
TRA_ROA_LCV_ELC_N,2025,-0.0026
TRA_ROA_LCV_ELC_N,2030,-0.0026
TRA_ROA_LCV_ELC_N,2040,-0.0026
TRA_ROA_LCV_ELC_N,2050,-0.0026
TRA_ROA_LCV_FCELL_N,2025,-0.0026
TRA_ROA_LCV_FCELL_N,2030,-0.0026
TRA_ROA_LCV_FCELL_N,2040,-0.0026
TRA_ROA_LCV_FCELL_N,2050,-0.0026
TRA_ROA_MTR_ELC_N,2025,-0.0026
TRA_ROA_MTR_ELC_N,2030,-0.0026
TRA_ROA_MTR_ELC_N,2040,-0.0026
TRA_ROA_MTR_ELC_N,2050,-0.0026
TRA_ROA_MTR_FCELL_N,2025,-0.0026
TRA_ROA_MTR_FCELL_N,2030,-0.0026
TRA_ROA_MTR_FCELL_N,2040,-0.0026
TRA_ROA_MTR_FCELL_N,2050,-0.0026
COM_LG_CFL_C_E,2025,-0.0026
COM_LG_CFL_C_E,2030,-0.0026
COM_LG_CFL_C_E,2040,-0.0026
COM_LG_CFL_C_E,2050,-0.0026
COM_LG_CFL_N,2025,-0.0026
COM_LG_CFL_N,2030,-0.0026
COM_LG_CFL_N,2040,-0.0026
COM_LG_CFL_N,2050,-0.0026
COM_LG_HAL_IMP_N,2025,0.0026
COM_LG_HAL_IMP_N,2030,0.0026
COM_LG_HAL_IMP_N,2040,0.0026
COM_LG_HAL_IMP_N,2050,0.0026
COM_LG_INC_E,2025,0.0026
COM_LG_INC_E,2030,0.0026
COM_LG_INC_E,2040,0.0026
COM_LG_INC_E,2050,0.0026
COM_LG_INC_N,2025,0.0026
COM_LG_INC_N,2030,0.0026
COM_LG_INC_N,2040,0.0026
COM_LG_INC_N,2050,0.0026
COM_LG_IRCHAL_E,2025,0.0026
COM_LG_IRCHAL_E,2030,0.0026
COM_LG_IRCHAL_E,2040,0.0026
COM_LG_IRCHAL_E,2050,0.0026
COM_LG_KER_N,2025,0.0026
COM_LG_KER_N,2030,0.0026
COM_LG_KER_N,2040,0.0026
COM_LG_KER_N,2050,0.0026
COM_LG_LFL_E,2025,-0.0026
COM_LG_LFL_E,2030,-0.0026
COM_LG_LFL_E,2040,-0.0026
COM_LG_LFL_E,2050,-0.0026
COM_LG_LFL_N,2025,-0.0026
COM_LG_LFL_N,2030,-0.0026
COM_LG_LFL_N,2040,-0.0026
COM_LG_LFL_N,2050,-0.0026
COM_LG_MER_E,2025,0.0026
COM_LG_MER_E,2030,0.0026
COM_LG_MER_E,2040,0.0026
COM_LG_MER_E,2050,0.0026
COM_LG_MER_N,2025,0.0026
COM_LG_MER_N,2030,0.0026
COM_LG_MER_N,2040,0.0026
COM_LG_MER_N,2050,0.0026
COM_LG_SFL_E,2025,-0.0026
COM_LG_SFL_E,2030,-0.0026
COM_LG_SFL_E,2040,-0.0026
COM_LG_SFL_E,2050,-0.0026
COM_LG_SFL_N,2025,-0.0026
COM_LG_SFL_N,2030,-0.0026
COM_LG_SFL_N,2040,-0.0026
COM_LG_SFL_N,2050,-0.0026
COM_LG_SHAL_E,2025,0.0026
COM_LG_SHAL_E,2030,0.0026
COM_LG_SHAL_E,2040,0.0026
COM_LG_SHAL_E,2050,0.0026
COM_LG_SHAL_STD_N,2025,0.0026
COM_LG_SHAL_STD_N,2030,0.0026
COM_LG_SHAL_STD_N,2040,0.0026
COM_LG_SHAL_STD_N,2050,0.0026
COM_LG_SOD_E,2025,-0.0026
COM_LG_SOD_E,2030,-0.0026
COM_LG_SOD_E,2040,-0.0026
COM_LG_SOD_E,2050,-0.0026
COM_LG_SOD_N,2025,-0.0026
COM_LG_SOD_N,2030,-0.0026
COM_LG_SOD_N,2040,-0.0026
COM_LG_SOD_N,2050,-0.0026
COM_SC_AHP_ELC_E,2025,-0.0026
COM_SC_AHP_ELC_E,2030,-0.0026
COM_SC_AHP_ELC_E,2040,-0.0026
COM_SC_AHP_ELC_E,2050,-0.0026
COM_SC_CCL_ELC_CNT_E,2025,-0.0026
COM_SC_CCL_ELC_CNT_E,2030,-0.0026
COM_SC_CCL_ELC_CNT_E,2040,-0.0026
COM_SC_CCL_ELC_CNT_E,2050,-0.0026
COM_SC_CNF_IMP_N,2025,-0.0026
COM_SC_CNF_IMP_N,2030,-0.0026
COM_SC_CNF_IMP_N,2040,-0.0026
COM_SC_CNF_IMP_N,2050,-0.0026
COM_SC_CNF_N,2025,-0.0026
COM_SC_CNF_N,2030,-0.0026
COM_SC_CNF_N,2040,-0.0026
COM_SC_CNF_N,2050,-0.0026
COM_SC_CNT_N,2025,0.0026
COM_SC_CNT_N,2030,0.0026
COM_SC_CNT_N,2040,0.0026
COM_SC_CNT_N,2050,0.0026
COM_SC_ELC_GEO_ADV_N,2025,-0.0026
COM_SC_ELC_GEO_ADV_N,2030,-0.0026
COM_SC_ELC_GEO_ADV_N,2040,-0.0026
COM_SC_ELC_GEO_ADV_N,2050,-0.0026
COM_SC_ELC_GEO_IMP_N,2025,-0.0026
COM_SC_ELC_GEO_IMP_N,2030,-0.0026
COM_SC_ELC_GEO_IMP_N,2040,-0.0026
COM_SC_ELC_GEO_IMP_N,2050,-0.0026
COM_SC_HP_IMP_N,2025,-0.0026
COM_SC_HP_IMP_N,2030,-0.0026
COM_SC_HP_IMP_N,2040,-0.0026
COM_SC_HP_IMP_N,2050,-0.0026
COM_SC_HP_STD_N,2025,0.0026
COM_SC_HP_STD_N,2030,0.0026
COM_SC_HP_STD_N,2040,0.0026
COM_SC_HP_STD_N,2050,0.0026
COM_SC_REC_IMP_N,2025,-0.0026
COM_SC_REC_IMP_N,2030,-0.0026
COM_SC_REC_IMP_N,2040,-0.0026
COM_SC_REC_IMP_N,2050,-0.0026
COM_SC_REC_N,2025,-0.0026
COM_SC_REC_N,2030,-0.0026
COM_SC_REC_N,2040,-0.0026
COM_SC_REC_N,2050,-0.0026
COM_SC_ROOF_ADV_N,2025,-0.0026
COM_SC_ROOF_ADV_N,2030,-0.0026
COM_SC_ROOF_ADV_N,2040,-0.0026
COM_SC_ROOF_ADV_N,2050,-0.0026
COM_SC_ROOF_ELC_E,2025,-0.0026
COM_SC_ROOF_ELC_E,2030,-0.0026
COM_SC_ROOF_ELC_E,2040,-0.0026
COM_SC_ROOF_ELC_E,2050,-0.0026
COM_SC_ROOF_STD_N,2025,0.0026
COM_SC_ROOF_STD_N,2030,0.0026
COM_SC_ROOF_STD_N,2040,0.0026
COM_SC_ROOF_STD_N,2050,0.0026
COM_SC_ROOM_ELC_E,2025,-0.0026
COM_SC_ROOM_ELC_E,2030,-0.0026
COM_SC_ROOM_ELC_E,2040,-0.0026
COM_SC_ROOM_ELC_E,2050,-0.0026
COM_SC_ROOM_N,2025,-0.0026
COM_SC_ROOM_N,2030,-0.0026
COM_SC_ROOM_N,2040,-0.0026
COM_SC_ROOM_N,2050,-0.0026
COM_SH_GEO_N,2025,-0.0026
COM_SH_GEO_N,2030,-0.0026
COM_SH_GEO_N,2040,-0.0026
COM_SH_GEO_N,2050,-0.0026
COM_SH_HP_AIR_N,2025,-0.0026
COM_SH_HP_AIR_N,2030,-0.0026
COM_SH_HP_AIR_N,2040,-0.0026
COM_SH_HP_AIR_N,2050,-0.0026
COM_SH_HP_ELC_E,2025,0.0026
COM_SH_HP_ELC_E,2030,0.0026
COM_SH_HP_ELC_E,2040,0.0026
COM_SH_HP_ELC_E,2050,0.0026
COM_SH_HP_N,2025,-0.0026
COM_SH_HP_N,2030,-0.0026
COM_SH_HP_N,2040,-0.0026
COM_SH_HP_N,2050,-0.0026
COM_SH_HP_PRB_N,2025,-0.0026
COM_SH_HP_PRB_N,2030,-0.0026
COM_SH_HP_PRB_N,2040,-0.0026
COM_SH_HP_PRB_N,2050,-0.0026
COM_SH_RES_ELC_E,2025,0.0026
COM_SH_RES_ELC_E,2030,0.0026
COM_SH_RES_ELC_E,2040,0.0026
COM_SH_RES_ELC_E,2050,0.0026
COM_WH_AHP_ELC_N,2025,0.0026
COM_WH_AHP_ELC_N,2030,0.0026
COM_WH_AHP_ELC_N,2040,0.0026
COM_WH_AHP_ELC_N,2050,0.0026
COM_WH_ELC_E,2025,0.0026
COM_WH_ELC_E,2030,0.0026
COM_WH_ELC_E,2040,0.0026
COM_WH_ELC_E,2050,0.0026
COM_WH_ELC_N,2025,0.0026
COM_WH_ELC_N,2030,0.0026
COM_WH_ELC_N,2040,0.0026
COM_WH_ELC_N,2050,0.0026
RES_LG_BFL_IMP_N,2025,-0.0026
RES_LG_BFL_IMP_N,2030,-0.0026
RES_LG_BFL_IMP_N,2040,-0.0026
RES_LG_BFL_IMP_N,2050,-0.0026
RES_LG_EFL_N,2025,-0.0026
RES_LG_EFL_N,2030,-0.0026
RES_LG_EFL_N,2040,-0.0026
RES_LG_EFL_N,2050,-0.0026
RES_LG_LED_ELC_N,2025,-0.0026
RES_LG_LED_ELC_N,2030,-0.0026
RES_LG_LED_ELC_N,2040,-0.0026
RES_LG_LED_ELC_N,2050,-0.0026
RES_LG_LFL_E,2025,-0.0026
RES_LG_LFL_E,2030,-0.0026
RES_LG_LFL_E,2040,-0.0026
RES_LG_LFL_E,2050,-0.0026
RES_LG_LFL_N,2025,-0.0026
RES_LG_LFL_N,2030,-0.0026
RES_LG_LFL_N,2040,-0.0026
RES_LG_LFL_N,2050,-0.0026
RES_LG_LHAL_E,2025,0.0026
RES_LG_LHAL_E,2030,0.0026
RES_LG_LHAL_E,2040,0.0026
RES_LG_LHAL_E,2050,0.0026
RES_LG_LHAL_N,2025,0.0026
RES_LG_LHAL_N,2030,0.0026
RES_LG_LHAL_N,2040,0.0026
RES_LG_LHAL_N,2050,0.0026
RES_LG_MIN_E,2025,0.0026
RES_LG_MIN_E,2030,0.0026
RES_LG_MIN_E,2040,0.0026
RES_LG_MIN_E,2050,0.0026
RES_LG_MIN_N,2025,0.0026
RES_LG_MIN_N,2030,0.0026
RES_LG_MIN_N,2040,0.0026
RES_LG_MIN_N,2050,0.0026
RES_LG_SFL_E,2025,-0.0026
RES_LG_SFL_E,2030,-0.0026
RES_LG_SFL_E,2040,-0.0026
RES_LG_SFL_E,2050,-0.0026
RES_LG_SFL_IMP_N,2025,-0.0026
RES_LG_SFL_IMP_N,2030,-0.0026
RES_LG_SFL_IMP_N,2040,-0.0026
RES_LG_SFL_IMP_N,2050,-0.0026
RES_LG_SFL_N,2025,-0.0026
RES_LG_SFL_N,2030,-0.0026
RES_LG_SFL_N,2040,-0.0026
RES_LG_SFL_N,2050,-0.0026
RES_LG_SHAL_E,2025,0.0026
RES_LG_SHAL_E,2030,0.0026
RES_LG_SHAL_E,2040,0.0026
RES_LG_SHAL_E,2050,0.0026
RES_LG_SHAL_IMP_E,2025,0.0026
RES_LG_SHAL_IMP_E,2030,0.0026
RES_LG_SHAL_IMP_E,2040,0.0026
RES_LG_SHAL_IMP_E,2050,0.0026
RES_LG_SHAL_IMP_N,2025,0.0026
RES_LG_SHAL_IMP_N,2030,0.0026
RES_LG_SHAL_IMP_N,2040,0.0026
RES_LG_SHAL_IMP_N,2050,0.0026
RES_LG_SHAL_N,2025,0.0026
RES_LG_SHAL_N,2030,0.0026
RES_LG_SHAL_N,2040,0.0026
RES_LG_SHAL_N,2050,0.0026
RES_LG_SIN_E,2025,0.0026
RES_LG_SIN_E,2030,0.0026
RES_LG_SIN_E,2040,0.0026
RES_LG_SIN_E,2050,0.0026
RES_LG_SIN_N,2025,0.0026
RES_LG_SIN_N,2030,0.0026
RES_LG_SIN_N,2040,0.0026
RES_LG_SIN_N,2050,0.0026
RES_SC_AHP_ELC_ADV_N,2025,-0.0026
RES_SC_AHP_ELC_ADV_N,2030,-0.0026
RES_SC_AHP_ELC_ADV_N,2040,-0.0026
RES_SC_AHP_ELC_ADV_N,2050,-0.0026
RES_SC_AHP_ELC_IMP_N,2025,-0.0026
RES_SC_AHP_ELC_IMP_N,2030,-0.0026
RES_SC_AHP_ELC_IMP_N,2040,-0.0026
RES_SC_AHP_ELC_IMP_N,2050,-0.0026
RES_SC_AHP_ELC_STD_N,2025,0.0026
RES_SC_AHP_ELC_STD_N,2030,0.0026
RES_SC_AHP_ELC_STD_N,2040,0.0026
RES_SC_AHP_ELC_STD_N,2050,0.0026
RES_SC_CEN_E,2025,0.0026
RES_SC_CEN_E,2030,0.0026
RES_SC_CEN_E,2040,0.0026
RES_SC_CEN_E,2050,0.0026
RES_SC_CEN_N,2025,0.0026
RES_SC_CEN_N,2030,0.0026
RES_SC_CEN_N,2040,0.0026
RES_SC_CEN_N,2050,0.0026
RES_SC_EHP_E,2025,0.0026
RES_SC_EHP_E,2030,0.0026
RES_SC_EHP_E,2040,0.0026
RES_SC_EHP_E,2050,0.0026
RES_SC_GEO_N,2025,-0.0026
RES_SC_GEO_N,2030,-0.0026
RES_SC_GEO_N,2040,-0.0026
RES_SC_GEO_N,2050,-0.0026
RES_SC_ROOM_E,2025,0.0026
RES_SC_ROOM_E,2030,0.0026
RES_SC_ROOM_E,2040,0.0026
RES_SC_ROOM_E,2050,0.0026
RES_SC_ROOM_ELC_NEW_N,2025,-0.0026
RES_SC_ROOM_ELC_NEW_N,2030,-0.0026
RES_SC_ROOM_ELC_NEW_N,2040,-0.0026
RES_SC_ROOM_ELC_NEW_N,2050,-0.0026
RES_SC_ROOM_N,2025,-0.0026
RES_SC_ROOM_N,2030,-0.0026
RES_SC_ROOM_N,2040,-0.0026
RES_SC_ROOM_N,2050,-0.0026
RES_SH_AHP_ELC_MN_N,2025,-0.0026
RES_SH_AHP_ELC_MN_N,2030,-0.0026
RES_SH_AHP_ELC_MN_N,2040,-0.0026
RES_SH_AHP_ELC_MN_N,2050,-0.0026
RES_SH_AHP_ELC_MO_E,2025,0.0026
RES_SH_AHP_ELC_MO_E,2030,0.0026
RES_SH_AHP_ELC_MO_E,2040,0.0026
RES_SH_AHP_ELC_MO_E,2050,0.0026
RES_SH_AHP_ELC_MO_N,2025,-0.0026
RES_SH_AHP_ELC_MO_N,2030,-0.0026
RES_SH_AHP_ELC_MO_N,2040,-0.0026
RES_SH_AHP_ELC_MO_N,2050,-0.0026
RES_SH_AHP_ELC_SN_E,2025,0.0026
RES_SH_AHP_ELC_SN_E,2030,0.0026
RES_SH_AHP_ELC_SN_E,2040,0.0026
RES_SH_AHP_ELC_SN_E,2050,0.0026
RES_SH_AHP_ELC_SN_N,2025,-0.0026
RES_SH_AHP_ELC_SN_N,2030,-0.0026
RES_SH_AHP_ELC_SN_N,2040,-0.0026
RES_SH_AHP_ELC_SN_N,2050,-0.0026
RES_SH_AHP_ELC_SO_N,2025,-0.0026
RES_SH_AHP_ELC_SO_N,2030,-0.0026
RES_SH_AHP_ELC_SO_N,2040,-0.0026
RES_SH_AHP_ELC_SO_N,2050,-0.0026
RES_SH_HNS_ELC_MN_N,2025,-0.0026
RES_SH_HNS_ELC_MN_N,2030,-0.0026
RES_SH_HNS_ELC_MN_N,2040,-0.0026
RES_SH_HNS_ELC_MN_N,2050,-0.0026
RES_SH_HNS_ELC_MO_N,2025,-0.0026
RES_SH_HNS_ELC_MO_N,2030,-0.0026
RES_SH_HNS_ELC_MO_N,2040,-0.0026
RES_SH_HNS_ELC_MO_N,2050,-0.0026
RES_SH_HNS_ELC_SN_N,2025,-0.0026
RES_SH_HNS_ELC_SN_N,2030,-0.0026
RES_SH_HNS_ELC_SN_N,2040,-0.0026
RES_SH_HNS_ELC_SN_N,2050,-0.0026
RES_SH_HNS_ELC_SO_N,2025,-0.0026
RES_SH_HNS_ELC_SO_N,2030,-0.0026
RES_SH_HNS_ELC_SO_N,2040,-0.0026
RES_SH_HNS_ELC_SO_N,2050,-0.0026
RES_SH_HPP_ELC_MN_N,2025,-0.0026
RES_SH_HPP_ELC_MN_N,2030,-0.0026
RES_SH_HPP_ELC_MN_N,2040,-0.0026
RES_SH_HPP_ELC_MN_N,2050,-0.0026
RES_SH_HPP_ELC_MO_N,2025,-0.0026
RES_SH_HPP_ELC_MO_N,2030,-0.0026
RES_SH_HPP_ELC_MO_N,2040,-0.0026
RES_SH_HPP_ELC_MO_N,2050,-0.0026
RES_SH_HPP_ELC_SN_N,2025,-0.0026
RES_SH_HPP_ELC_SN_N,2030,-0.0026
RES_SH_HPP_ELC_SN_N,2040,-0.0026
RES_SH_HPP_ELC_SN_N,2050,-0.0026
RES_SH_HPP_ELC_SO_N,2025,-0.0026
RES_SH_HPP_ELC_SO_N,2030,-0.0026
RES_SH_HPP_ELC_SO_N,2040,-0.0026
RES_SH_HPP_ELC_SO_N,2050,-0.0026
RES_SH_HPTS_GEO_SN_N,2025,-0.0026
RES_SH_HPTS_GEO_SN_N,2030,-0.0026
RES_SH_HPTS_GEO_SN_N,2040,-0.0026
RES_SH_HPTS_GEO_SN_N,2050,-0.0026
RES_SH_HPTS_MO_N,2025,-0.0026
RES_SH_HPTS_MO_N,2030,-0.0026
RES_SH_HPTS_MO_N,2040,-0.0026
RES_SH_HPTS_MO_N,2050,-0.0026
RES_SH_HPTS_SN_N,2025,-0.0026
RES_SH_HPTS_SN_N,2030,-0.0026
RES_SH_HPTS_SN_N,2040,-0.0026
RES_SH_HPTS_SN_N,2050,-0.0026
RES_SH_HPTS_SO_N,2025,-0.0026
RES_SH_HPTS_SO_N,2030,-0.0026
RES_SH_HPTS_SO_N,2040,-0.0026
RES_SH_HPTS_SO_N,2050,-0.0026
RES_SH_HP_ELE_SO_E,2025,0.0026
RES_SH_HP_ELE_SO_E,2030,0.0026
RES_SH_HP_ELE_SO_E,2040,0.0026
RES_SH_HP_ELE_SO_E,2050,0.0026
RES_SH_HT_ELC_MO_E,2025,0.0026
RES_SH_HT_ELC_MO_E,2030,0.0026
RES_SH_HT_ELC_MO_E,2040,0.0026
RES_SH_HT_ELC_MO_E,2050,0.0026
RES_SH_HT_ELC_SN_E,2025,0.0026
RES_SH_HT_ELC_SN_E,2030,0.0026
RES_SH_HT_ELC_SN_E,2040,0.0026
RES_SH_HT_ELC_SN_E,2050,0.0026
RES_SH_HT_ELC_SO_E,2025,0.0026
RES_SH_HT_ELC_SO_E,2030,0.0026
RES_SH_HT_ELC_SO_E,2040,0.0026
RES_SH_HT_ELC_SO_E,2050,0.0026
RES_WH_AHP_ELC_N,2025,0.0026
RES_WH_AHP_ELC_N,2030,0.0026
RES_WH_AHP_ELC_N,2040,0.0026
RES_WH_AHP_ELC_N,2050,0.0026
RES_WH_ELC_E,2025,0.0026
RES_WH_ELC_E,2030,0.0026
RES_WH_ELC_E,2040,0.0026
RES_WH_ELC_E,2050,0.0026
RES_WH_ELC_RES_N,2025,0.0026
RES_WH_ELC_RES_N,2030,0.0026
RES_WH_ELC_RES_N,2040,0.0026
RES_WH_ELC_RES_N,2050,0.0026
RES_WH_HNS_ELC_N,2025,-0.0026
RES_WH_HNS_ELC_N,2030,-0.0026
RES_WH_HNS_ELC_N,2040,-0.0026
RES_WH_HNS_ELC_N,2050,-0.0026
UPS_EXP_ELC_CEN,2025,-0.0026
UPS_EXP_ELC_CEN,2030,-0.0026
UPS_EXP_ELC_CEN,2040,-0.0026
UPS_EXP_ELC_CEN,2050,-0.0026
CCUS_SNK_DGF_OFF,2025,-0.0026
CCUS_SNK_DGF_OFF,2030,-0.0026
CCUS_SNK_DGF_OFF,2040,-0.0026
CCUS_SNK_DGF_OFF,2050,-0.0026
CCUS_SNK_DGF_ON,2025,-0.0026
CCUS_SNK_DGF_ON,2030,-0.0026
CCUS_SNK_DGF_ON,2040,-0.0026
CCUS_SNK_DGF_ON,2050,-0.0026
COM_WH_COND_DST_N,2025,0.0026
COM_WH_COND_DST_N,2030,0.0026
COM_WH_COND_DST_N,2040,0.0026
COM_WH_COND_DST_N,2050,0.0026
COM_WH_COND_LPG_N,2025,0.0026
COM_WH_COND_LPG_N,2030,0.0026
COM_WH_COND_LPG_N,2040,0.0026
COM_WH_COND_LPG_N,2050,0.0026
COM_WH_COND_NGA_N,2025,0.0026
COM_WH_COND_NGA_N,2030,0.0026
COM_WH_COND_NGA_N,2040,0.0026
COM_WH_COND_NGA_N,2050,0.0026
COM_WH_DST_E,2025,0.0026
COM_WH_DST_E,2030,0.0026
COM_WH_DST_E,2040,0.0026
COM_WH_DST_E,2050,0.0026
COM_WH_DST_N,2025,0.0026
COM_WH_DST_N,2030,0.0026
COM_WH_DST_N,2040,0.0026
COM_WH_DST_N,2050,0.0026
COM_WH_HET_E,2025,0.0026
COM_WH_HET_E,2030,0.0026
COM_WH_HET_E,2040,0.0026
COM_WH_HET_E,2050,0.0026
COM_WH_HEX_HET_N,2025,0.0026
COM_WH_HEX_HET_N,2030,0.0026
COM_WH_HEX_HET_N,2040,0.0026
COM_WH_HEX_HET_N,2050,0.0026
COM_WH_LPG_E,2025,0.0026
COM_WH_LPG_E,2030,0.0026
COM_WH_LPG_E,2040,0.0026
COM_WH_LPG_E,2050,0.0026
COM_WH_LPG_N,2025,0.0026
COM_WH_LPG_N,2030,0.0026
COM_WH_LPG_N,2040,0.0026
COM_WH_LPG_N,2050,0.0026
COM_WH_NGA_E,2025,0.0026
COM_WH_NGA_E,2030,0.0026
COM_WH_NGA_E,2040,0.0026
COM_WH_NGA_E,2050,0.0026
COM_WH_NGA_N,2025,0.0026
COM_WH_NGA_N,2030,0.0026
COM_WH_NGA_N,2040,0.0026
COM_WH_NGA_N,2050,0.0026
COM_WH_SOL_E,2025,-0.0026
COM_WH_SOL_E,2030,-0.0026
COM_WH_SOL_E,2040,-0.0026
COM_WH_SOL_E,2050,-0.0026
COM_WH_SOL_N,2025,-0.0026
COM_WH_SOL_N,2030,-0.0026
COM_WH_SOL_N,2040,-0.0026
COM_WH_SOL_N,2050,-0.0026
COM_WH_WPEL_BIO_N,2025,0.0026
COM_WH_WPEL_BIO_N,2030,0.0026
COM_WH_WPEL_BIO_N,2040,0.0026
COM_WH_WPEL_BIO_N,2050,0.0026
ELC_PV_ROOF_TYPE1_N,2025,-0.0026
ELC_PV_ROOF_TYPE1_N,2030,-0.0026
ELC_PV_ROOF_TYPE1_N,2040,-0.0026
ELC_PV_ROOF_TYPE1_N,2050,-0.0026
ELC_PV_ROOF_TYPE2_N,2025,-0.0026
ELC_PV_ROOF_TYPE2_N,2030,-0.0026
ELC_PV_ROOF_TYPE2_N,2040,-0.0026
ELC_PV_ROOF_TYPE2_N,2050,-0.0026
ELC_PV_ROOF_TYPE3_N,2025,-0.0026
ELC_PV_ROOF_TYPE3_N,2030,-0.0026
ELC_PV_ROOF_TYPE3_N,2040,-0.0026
ELC_PV_ROOF_TYPE3_N,2050,-0.0026
ELC_PV_ROOF_TYPE4_N,2025,-0.0026
ELC_PV_ROOF_TYPE4_N,2030,-0.0026
ELC_PV_ROOF_TYPE4_N,2040,-0.0026
ELC_PV_ROOF_TYPE4_N,2050,-0.0026
ELC_PV_ROOF_TYPE5_N,2025,-0.0026
ELC_PV_ROOF_TYPE5_N,2030,-0.0026
ELC_PV_ROOF_TYPE5_N,2040,-0.0026
ELC_PV_ROOF_TYPE5_N,2050,-0.0026
ELC_PV_ROOF_TYPE6_N,2025,-0.0026
ELC_PV_ROOF_TYPE6_N,2030,-0.0026
ELC_PV_ROOF_TYPE6_N,2040,-0.0026
ELC_PV_ROOF_TYPE6_N,2050,-0.0026
ELC_SOL_E,2025,-0.0026
ELC_SOL_E,2030,-0.0026
ELC_SOL_E,2040,-0.0026
ELC_SOL_E,2050,-0.0026
IND_PP_PUL_KRF_N,2025,-0.0026
IND_PP_PUL_KRF_N,2030,-0.0026
IND_PP_PUL_KRF_N,2040,-0.0026
IND_PP_PUL_KRF_N,2050,-0.0026
IND_PP_PUL_SUL_N,2025,-0.0026
IND_PP_PUL_SUL_N,2030,-0.0026
IND_PP_PUL_SUL_N,2040,-0.0026
IND_PP_PUL_SUL_N,2050,-0.0026
RES_SH_AHP_NGA_SN_E,2025,0.0026
RES_SH_AHP_NGA_SN_E,2030,0.0026
RES_SH_AHP_NGA_SN_E,2040,0.0026
RES_SH_AHP_NGA_SN_E,2050,0.0026
RES_SH_AHP_NGA_SO_E,2025,0.0026
RES_SH_AHP_NGA_SO_E,2030,0.0026
RES_SH_AHP_NGA_SO_E,2040,0.0026
RES_SH_AHP_NGA_SO_E,2050,0.0026
RES_SH_BASE_INS_MO_N,2025,-0.0026
RES_SH_BASE_INS_MO_N,2030,-0.0026
RES_SH_BASE_INS_MO_N,2040,-0.0026
RES_SH_BASE_INS_MO_N,2050,-0.0026
RES_SH_BASE_INS_SN_N,2025,-0.0026
RES_SH_BASE_INS_SN_N,2030,-0.0026
RES_SH_BASE_INS_SN_N,2040,-0.0026
RES_SH_BASE_INS_SN_N,2050,-0.0026
RES_SH_BASE_INS_SO_N,2025,-0.0026
RES_SH_BASE_INS_SO_N,2030,-0.0026
RES_SH_BASE_INS_SO_N,2040,-0.0026
RES_SH_BASE_INS_SO_N,2050,-0.0026
RES_SH_BUR_COA_MO_E,2025,0.0026
RES_SH_BUR_COA_MO_E,2030,0.0026
RES_SH_BUR_COA_MO_E,2040,0.0026
RES_SH_BUR_COA_MO_E,2050,0.0026
RES_SH_BUR_COA_SN_E,2025,0.0026
RES_SH_BUR_COA_SN_E,2030,0.0026
RES_SH_BUR_COA_SN_E,2040,0.0026
RES_SH_BUR_COA_SN_E,2050,0.0026
RES_SH_BUR_COA_SO_E,2025,0.0026
RES_SH_BUR_COA_SO_E,2030,0.0026
RES_SH_BUR_COA_SO_E,2040,0.0026
RES_SH_BUR_COA_SO_E,2050,0.0026
RES_SH_BUR_DST_MO_E,2025,0.0026
RES_SH_BUR_DST_MO_E,2030,0.0026
RES_SH_BUR_DST_MO_E,2040,0.0026
RES_SH_BUR_DST_MO_E,2050,0.0026
RES_SH_BUR_DST_SN_E,2025,0.0026
RES_SH_BUR_DST_SN_E,2030,0.0026
RES_SH_BUR_DST_SN_E,2040,0.0026
RES_SH_BUR_DST_SN_E,2050,0.0026
RES_SH_BUR_DST_SO_E,2025,0.0026
RES_SH_BUR_DST_SO_E,2030,0.0026
RES_SH_BUR_DST_SO_E,2040,0.0026
RES_SH_BUR_DST_SO_E,2050,0.0026
RES_SH_BUR_HFO_MO_E,2025,0.0026
RES_SH_BUR_HFO_MO_E,2030,0.0026
RES_SH_BUR_HFO_MO_E,2040,0.0026
RES_SH_BUR_HFO_MO_E,2050,0.0026
RES_SH_BUR_HFO_SN_E,2025,0.0026
RES_SH_BUR_HFO_SN_E,2030,0.0026
RES_SH_BUR_HFO_SN_E,2040,0.0026
RES_SH_BUR_HFO_SN_E,2050,0.0026
RES_SH_BUR_HFO_SO_E,2025,0.0026
RES_SH_BUR_HFO_SO_E,2030,0.0026
RES_SH_BUR_HFO_SO_E,2040,0.0026
RES_SH_BUR_HFO_SO_E,2050,0.0026
RES_SH_BUR_KER_MO_E,2025,0.0026
RES_SH_BUR_KER_MO_E,2030,0.0026
RES_SH_BUR_KER_MO_E,2040,0.0026
RES_SH_BUR_KER_MO_E,2050,0.0026
RES_SH_BUR_KER_SN_E,2025,0.0026
RES_SH_BUR_KER_SN_E,2030,0.0026
RES_SH_BUR_KER_SN_E,2040,0.0026
RES_SH_BUR_KER_SN_E,2050,0.0026
RES_SH_BUR_KER_SO_E,2025,0.0026
RES_SH_BUR_KER_SO_E,2030,0.0026
RES_SH_BUR_KER_SO_E,2040,0.0026
RES_SH_BUR_KER_SO_E,2050,0.0026
RES_SH_BUR_LPG_MO_E,2025,0.0026
RES_SH_BUR_LPG_MO_E,2030,0.0026
RES_SH_BUR_LPG_MO_E,2040,0.0026
RES_SH_BUR_LPG_MO_E,2050,0.0026
RES_SH_BUR_LPG_SN_E,2025,0.0026
RES_SH_BUR_LPG_SN_E,2030,0.0026
RES_SH_BUR_LPG_SN_E,2040,0.0026
RES_SH_BUR_LPG_SN_E,2050,0.0026
RES_SH_BUR_LPG_SO_E,2025,0.0026
RES_SH_BUR_LPG_SO_E,2030,0.0026
RES_SH_BUR_LPG_SO_E,2040,0.0026
RES_SH_BUR_LPG_SO_E,2050,0.0026
RES_SH_BUR_NGA_MN_E,2025,0.0026
RES_SH_BUR_NGA_MN_E,2030,0.0026
RES_SH_BUR_NGA_MN_E,2040,0.0026
RES_SH_BUR_NGA_MN_E,2050,0.0026
RES_SH_BUR_NGA_MO_E,2025,0.0026
RES_SH_BUR_NGA_MO_E,2030,0.0026
RES_SH_BUR_NGA_MO_E,2040,0.0026
RES_SH_BUR_NGA_MO_E,2050,0.0026
RES_SH_BUR_NGA_SN_E,2025,0.0026
RES_SH_BUR_NGA_SN_E,2030,0.0026
RES_SH_BUR_NGA_SN_E,2040,0.0026
RES_SH_BUR_NGA_SN_E,2050,0.0026
RES_SH_BUR_NGA_SO_E,2025,0.0026
RES_SH_BUR_NGA_SO_E,2030,0.0026
RES_SH_BUR_NGA_SO_E,2040,0.0026
RES_SH_BUR_NGA_SO_E,2050,0.0026
RES_SH_DST_COND_MN_N,2025,0.0026
RES_SH_DST_COND_MN_N,2030,0.0026
RES_SH_DST_COND_MN_N,2040,0.0026
RES_SH_DST_COND_MN_N,2050,0.0026
RES_SH_DST_COND_MO_N,2025,0.0026
RES_SH_DST_COND_MO_N,2030,0.0026
RES_SH_DST_COND_MO_N,2040,0.0026
RES_SH_DST_COND_MO_N,2050,0.0026
RES_SH_DST_COND_SN_N,2025,0.0026
RES_SH_DST_COND_SN_N,2030,0.0026
RES_SH_DST_COND_SN_N,2040,0.0026
RES_SH_DST_COND_SN_N,2050,0.0026
RES_SH_DST_COND_SO_N,2025,0.0026
RES_SH_DST_COND_SO_N,2030,0.0026
RES_SH_DST_COND_SO_N,2040,0.0026
RES_SH_DST_COND_SO_N,2050,0.0026
RES_SH_DST_MN_N,2025,0.0026
RES_SH_DST_MN_N,2030,0.0026
RES_SH_DST_MN_N,2040,0.0026
RES_SH_DST_MN_N,2050,0.0026
RES_SH_DST_MO_N,2025,0.0026
RES_SH_DST_MO_N,2030,0.0026
RES_SH_DST_MO_N,2040,0.0026
RES_SH_DST_MO_N,2050,0.0026
RES_SH_DST_SO_N,2025,0.0026
RES_SH_DST_SO_N,2030,0.0026
RES_SH_DST_SO_N,2040,0.0026
RES_SH_DST_SO_N,2050,0.0026
RES_SH_HEX_HET_MN_N,2025,0.0026
RES_SH_HEX_HET_MN_N,2030,0.0026
RES_SH_HEX_HET_MN_N,2040,0.0026
RES_SH_HEX_HET_MN_N,2050,0.0026
RES_SH_HEX_HET_MO_E,2025,0.0026
RES_SH_HEX_HET_MO_E,2030,0.0026
RES_SH_HEX_HET_MO_E,2040,0.0026
RES_SH_HEX_HET_MO_E,2050,0.0026
RES_SH_HEX_HET_MO_N,2025,0.0026
RES_SH_HEX_HET_MO_N,2030,0.0026
RES_SH_HEX_HET_MO_N,2040,0.0026
RES_SH_HEX_HET_MO_N,2050,0.0026
RES_SH_HEX_HET_SN_E,2025,0.0026
RES_SH_HEX_HET_SN_E,2030,0.0026
RES_SH_HEX_HET_SN_E,2040,0.0026
RES_SH_HEX_HET_SN_E,2050,0.0026
RES_SH_HEX_HET_SN_N,2025,0.0026
RES_SH_HEX_HET_SN_N,2030,0.0026
RES_SH_HEX_HET_SN_N,2040,0.0026
RES_SH_HEX_HET_SN_N,2050,0.0026
RES_SH_HEX_HET_SO_E,2025,0.0026
RES_SH_HEX_HET_SO_E,2030,0.0026
RES_SH_HEX_HET_SO_E,2040,0.0026
RES_SH_HEX_HET_SO_E,2050,0.0026
RES_SH_HEX_HET_SO_N,2025,0.0026
RES_SH_HEX_HET_SO_N,2030,0.0026
RES_SH_HEX_HET_SO_N,2040,0.0026
RES_SH_HEX_HET_SO_N,2050,0.0026
RES_SH_HP_NGA_MN_E,2025,0.0026
RES_SH_HP_NGA_MN_E,2030,0.0026
RES_SH_HP_NGA_MN_E,2040,0.0026
RES_SH_HP_NGA_MN_E,2050,0.0026
RES_SH_HP_NGA_MO_E,2025,0.0026
RES_SH_HP_NGA_MO_E,2030,0.0026
RES_SH_HP_NGA_MO_E,2040,0.0026
RES_SH_HP_NGA_MO_E,2050,0.0026
RES_SH_INT_INS_MO_N,2025,-0.0026
RES_SH_INT_INS_MO_N,2030,-0.0026
RES_SH_INT_INS_MO_N,2040,-0.0026
RES_SH_INT_INS_MO_N,2050,-0.0026
RES_SH_INT_INS_SN_N,2025,-0.0026
RES_SH_INT_INS_SN_N,2030,-0.0026
RES_SH_INT_INS_SN_N,2040,-0.0026
RES_SH_INT_INS_SN_N,2050,-0.0026
RES_SH_INT_INS_SO_N,2025,-0.0026
RES_SH_INT_INS_SO_N,2030,-0.0026
RES_SH_INT_INS_SO_N,2040,-0.0026
RES_SH_INT_INS_SO_N,2050,-0.0026
RES_SH_LPG_COND_MN_N,2025,0.0026
RES_SH_LPG_COND_MN_N,2030,0.0026
RES_SH_LPG_COND_MN_N,2040,0.0026
RES_SH_LPG_COND_MN_N,2050,0.0026
RES_SH_LPG_COND_MO_N,2025,0.0026
RES_SH_LPG_COND_MO_N,2030,0.0026
RES_SH_LPG_COND_MO_N,2040,0.0026
RES_SH_LPG_COND_MO_N,2050,0.0026
RES_SH_LPG_COND_SN_N,2025,0.0026
RES_SH_LPG_COND_SN_N,2030,0.0026
RES_SH_LPG_COND_SN_N,2040,0.0026
RES_SH_LPG_COND_SN_N,2050,0.0026
RES_SH_LPG_COND_SO_N,2025,0.0026
RES_SH_LPG_COND_SO_N,2030,0.0026
RES_SH_LPG_COND_SO_N,2040,0.0026
RES_SH_LPG_COND_SO_N,2050,0.0026
RES_SH_LPG_MN_N,2025,0.0026
RES_SH_LPG_MN_N,2030,0.0026
RES_SH_LPG_MN_N,2040,0.0026
RES_SH_LPG_MN_N,2050,0.0026
RES_SH_LPG_MO_N,2025,0.0026
RES_SH_LPG_MO_N,2030,0.0026
RES_SH_LPG_MO_N,2040,0.0026
RES_SH_LPG_MO_N,2050,0.0026
RES_SH_LPG_SO_N,2025,0.0026
RES_SH_LPG_SO_N,2030,0.0026
RES_SH_LPG_SO_N,2040,0.0026
RES_SH_LPG_SO_N,2050,0.0026
RES_SH_NGA_COND_MN_N,2025,0.0026
RES_SH_NGA_COND_MN_N,2030,0.0026
RES_SH_NGA_COND_MN_N,2040,0.0026
RES_SH_NGA_COND_MN_N,2050,0.0026
RES_SH_NGA_COND_MO_N,2025,0.0026
RES_SH_NGA_COND_MO_N,2030,0.0026
RES_SH_NGA_COND_MO_N,2040,0.0026
RES_SH_NGA_COND_MO_N,2050,0.0026
RES_SH_NGA_COND_SN_N,2025,0.0026
RES_SH_NGA_COND_SN_N,2030,0.0026
RES_SH_NGA_COND_SN_N,2040,0.0026
RES_SH_NGA_COND_SN_N,2050,0.0026
RES_SH_NGA_COND_SO_N,2025,0.0026
RES_SH_NGA_COND_SO_N,2030,0.0026
RES_SH_NGA_COND_SO_N,2040,0.0026
RES_SH_NGA_COND_SO_N,2050,0.0026
RES_SH_NGA_MN_N,2025,0.0026
RES_SH_NGA_MN_N,2030,0.0026
RES_SH_NGA_MN_N,2040,0.0026
RES_SH_NGA_MN_N,2050,0.0026
RES_SH_NGA_MO_N,2025,0.0026
RES_SH_NGA_MO_N,2030,0.0026
RES_SH_NGA_MO_N,2040,0.0026
RES_SH_NGA_MO_N,2050,0.0026
RES_SH_NGA_SO_N,2025,0.0026
RES_SH_NGA_SO_N,2030,0.0026
RES_SH_NGA_SO_N,2040,0.0026
RES_SH_NGA_SO_N,2050,0.0026
RES_SH_ROOF_INS_MO_N,2025,-0.0026
RES_SH_ROOF_INS_MO_N,2030,-0.0026
RES_SH_ROOF_INS_MO_N,2040,-0.0026
RES_SH_ROOF_INS_MO_N,2050,-0.0026
RES_SH_ROOF_INS_SN_N,2025,-0.0026
RES_SH_ROOF_INS_SN_N,2030,-0.0026
RES_SH_ROOF_INS_SN_N,2040,-0.0026
RES_SH_ROOF_INS_SN_N,2050,-0.0026
RES_SH_ROOF_INS_SO_N,2025,-0.0026
RES_SH_ROOF_INS_SO_N,2030,-0.0026
RES_SH_ROOF_INS_SO_N,2040,-0.0026
RES_SH_ROOF_INS_SO_N,2050,-0.0026
RES_SH_SOL_DST_MO_N,2025,-0.0026
RES_SH_SOL_DST_MO_N,2030,-0.0026
RES_SH_SOL_DST_MO_N,2040,-0.0026
RES_SH_SOL_DST_MO_N,2050,-0.0026
RES_SH_SOL_DST_SN_N,2025,-0.0026
RES_SH_SOL_DST_SN_N,2030,-0.0026
RES_SH_SOL_DST_SN_N,2040,-0.0026
RES_SH_SOL_DST_SN_N,2050,-0.0026
RES_SH_SOL_DST_SO_N,2025,-0.0026
RES_SH_SOL_DST_SO_N,2030,-0.0026
RES_SH_SOL_DST_SO_N,2040,-0.0026
RES_SH_SOL_DST_SO_N,2050,-0.0026
RES_SH_SOL_LPG_MO_N,2025,-0.0026
RES_SH_SOL_LPG_MO_N,2030,-0.0026
RES_SH_SOL_LPG_MO_N,2040,-0.0026
RES_SH_SOL_LPG_MO_N,2050,-0.0026
RES_SH_SOL_LPG_SN_N,2025,-0.0026
RES_SH_SOL_LPG_SN_N,2030,-0.0026
RES_SH_SOL_LPG_SN_N,2040,-0.0026
RES_SH_SOL_LPG_SN_N,2050,-0.0026
RES_SH_SOL_LPG_SO_N,2025,-0.0026
RES_SH_SOL_LPG_SO_N,2030,-0.0026
RES_SH_SOL_LPG_SO_N,2040,-0.0026
RES_SH_SOL_LPG_SO_N,2050,-0.0026
RES_SH_SOL_NGA_MO_N,2025,-0.0026
RES_SH_SOL_NGA_MO_N,2030,-0.0026
RES_SH_SOL_NGA_MO_N,2040,-0.0026
RES_SH_SOL_NGA_MO_N,2050,-0.0026
RES_SH_SOL_NGA_SN_N,2025,-0.0026
RES_SH_SOL_NGA_SN_N,2030,-0.0026
RES_SH_SOL_NGA_SN_N,2040,-0.0026
RES_SH_SOL_NGA_SN_N,2050,-0.0026
RES_SH_SOL_NGA_SO_N,2025,-0.0026
RES_SH_SOL_NGA_SO_N,2030,-0.0026
RES_SH_SOL_NGA_SO_N,2040,-0.0026
RES_SH_SOL_NGA_SO_N,2050,-0.0026
RES_SH_WIN_INS_MO_N,2025,-0.0026
RES_SH_WIN_INS_MO_N,2030,-0.0026
RES_SH_WIN_INS_MO_N,2040,-0.0026
RES_SH_WIN_INS_MO_N,2050,-0.0026
RES_SH_WIN_INS_SN_N,2025,-0.0026
RES_SH_WIN_INS_SN_N,2030,-0.0026
RES_SH_WIN_INS_SN_N,2040,-0.0026
RES_SH_WIN_INS_SN_N,2050,-0.0026
RES_SH_WIN_INS_SO_N,2025,-0.0026
RES_SH_WIN_INS_SO_N,2030,-0.0026
RES_SH_WIN_INS_SO_N,2040,-0.0026
RES_SH_WIN_INS_SO_N,2050,-0.0026
RES_SH_WPL_BIO_MN_N,2025,0.0026
RES_SH_WPL_BIO_MN_N,2030,0.0026
RES_SH_WPL_BIO_MN_N,2040,0.0026
RES_SH_WPL_BIO_MN_N,2050,0.0026
RES_SH_WPL_BIO_MO_N,2025,0.0026
RES_SH_WPL_BIO_MO_N,2030,0.0026
RES_SH_WPL_BIO_MO_N,2040,0.0026
RES_SH_WPL_BIO_MO_N,2050,0.0026
RES_SH_WPL_BIO_SN_N,2025,0.0026
RES_SH_WPL_BIO_SN_N,2030,0.0026
RES_SH_WPL_BIO_SN_N,2040,0.0026
RES_SH_WPL_BIO_SN_N,2050,0.0026
RES_SH_WPL_BIO_SO_N,2025,0.0026
RES_SH_WPL_BIO_SO_N,2030,0.0026
RES_SH_WPL_BIO_SO_N,2040,0.0026
RES_SH_WPL_BIO_SO_N,2050,0.0026
RES_SH_WST_BIO_MN_N,2025,0.0026
RES_SH_WST_BIO_MN_N,2030,0.0026
RES_SH_WST_BIO_MN_N,2040,0.0026
RES_SH_WST_BIO_MN_N,2050,0.0026
RES_SH_WST_BIO_MO_E,2025,0.0026
RES_SH_WST_BIO_MO_E,2030,0.0026
RES_SH_WST_BIO_MO_E,2040,0.0026
RES_SH_WST_BIO_MO_E,2050,0.0026
RES_SH_WST_BIO_MO_N,2025,0.0026
RES_SH_WST_BIO_MO_N,2030,0.0026
RES_SH_WST_BIO_MO_N,2040,0.0026
RES_SH_WST_BIO_MO_N,2050,0.0026
RES_SH_WST_BIO_SN_E,2025,0.0026
RES_SH_WST_BIO_SN_E,2030,0.0026
RES_SH_WST_BIO_SN_E,2040,0.0026
RES_SH_WST_BIO_SN_E,2050,0.0026
RES_SH_WST_BIO_SN_N,2025,0.0026
RES_SH_WST_BIO_SN_N,2030,0.0026
RES_SH_WST_BIO_SN_N,2040,0.0026
RES_SH_WST_BIO_SN_N,2050,0.0026
RES_SH_WST_BIO_SO_E,2025,0.0026
RES_SH_WST_BIO_SO_E,2030,0.0026
RES_SH_WST_BIO_SO_E,2040,0.0026
RES_SH_WST_BIO_SO_E,2050,0.0026
RES_SH_WST_BIO_SO_N,2025,0.0026
RES_SH_WST_BIO_SO_N,2030,0.0026
RES_SH_WST_BIO_SO_N,2040,0.0026
RES_SH_WST_BIO_SO_N,2050,0.0026
RES_WH_BIO_E,2025,0.0026
RES_WH_BIO_E,2030,0.0026
RES_WH_BIO_E,2040,0.0026
RES_WH_BIO_E,2050,0.0026
RES_WH_DST_COND_N,2025,0.0026
RES_WH_DST_COND_N,2030,0.0026
RES_WH_DST_COND_N,2040,0.0026
RES_WH_DST_COND_N,2050,0.0026
RES_WH_DST_E,2025,0.0026
RES_WH_DST_E,2030,0.0026
RES_WH_DST_E,2040,0.0026
RES_WH_DST_E,2050,0.0026
RES_WH_DST_N,2025,0.0026
RES_WH_DST_N,2030,0.0026
RES_WH_DST_N,2040,0.0026
RES_WH_DST_N,2050,0.0026
RES_WH_HET_E,2025,0.0026
RES_WH_HET_E,2030,0.0026
RES_WH_HET_E,2040,0.0026
RES_WH_HET_E,2050,0.0026
RES_WH_HFO_E,2025,0.0026
RES_WH_HFO_E,2030,0.0026
RES_WH_HFO_E,2040,0.0026
RES_WH_HFO_E,2050,0.0026
RES_WH_LPG_COND_N,2025,0.0026
RES_WH_LPG_COND_N,2030,0.0026
RES_WH_LPG_COND_N,2040,0.0026
RES_WH_LPG_COND_N,2050,0.0026
RES_WH_LPG_E,2025,0.0026
RES_WH_LPG_E,2030,0.0026
RES_WH_LPG_E,2040,0.0026
RES_WH_LPG_E,2050,0.0026
RES_WH_LPG_N,2025,0.0026
RES_WH_LPG_N,2030,0.0026
RES_WH_LPG_N,2040,0.0026
RES_WH_LPG_N,2050,0.0026
RES_WH_NGA_COND_N,2025,0.0026
RES_WH_NGA_COND_N,2030,0.0026
RES_WH_NGA_COND_N,2040,0.0026
RES_WH_NGA_COND_N,2050,0.0026
RES_WH_NGA_E,2025,0.0026
RES_WH_NGA_E,2030,0.0026
RES_WH_NGA_E,2040,0.0026
RES_WH_NGA_E,2050,0.0026
RES_WH_NGA_N,2025,0.0026
RES_WH_NGA_N,2030,0.0026
RES_WH_NGA_N,2040,0.0026
RES_WH_NGA_N,2050,0.0026
RES_WH_SOL_E,2025,-0.0026
RES_WH_SOL_E,2030,-0.0026
RES_WH_SOL_E,2040,-0.0026
RES_WH_SOL_E,2050,-0.0026
RES_WH_SOL_N,2025,-0.0026
RES_WH_SOL_N,2030,-0.0026
RES_WH_SOL_N,2040,-0.0026
RES_WH_SOL_N,2050,-0.0026
RES_WH_WPL_BIO_N,2025,0.0026
RES_WH_WPL_BIO_N,2030,0.0026
RES_WH_WPL_BIO_N,2040,0.0026
RES_WH_WPL_BIO_N,2050,0.0026
UPS_IMP_BIO_DST,2025,-0.0026
UPS_IMP_BIO_DST,2030,-0.0026
UPS_IMP_BIO_DST,2040,-0.0026
UPS_IMP_BIO_DST,2050,-0.0026
UPS_IMP_BIO_ETH,2025,-0.0026
UPS_IMP_BIO_ETH,2030,-0.0026
UPS_IMP_BIO_ETH,2040,-0.0026
UPS_IMP_BIO_ETH,2050,-0.0026
UPS_IMP_WOD_E,2025,-0.0026
UPS_IMP_WOD_E,2030,-0.0026
UPS_IMP_WOD_E,2040,-0.0026
UPS_IMP_WOD_E,2050,-0.0026
UPS_MIN_WOD_E,2025,-0.0026
UPS_MIN_WOD_E,2030,-0.0026
UPS_MIN_WOD_E,2040,-0.0026
UPS_MIN_WOD_E,2050,-0.0026
UPS_RNW_BGS_E,2025,-0.0026
UPS_RNW_BGS_E,2030,-0.0026
UPS_RNW_BGS_E,2040,-0.0026
UPS_RNW_BGS_E,2050,-0.0026
UPS_RNW_BIN_E,2025,-0.0026
UPS_RNW_BIN_E,2030,-0.0026
UPS_RNW_BIN_E,2040,-0.0026
UPS_RNW_BIN_E,2050,-0.0026
UPS_RNW_BIO_ETH_E,2025,-0.0026
UPS_RNW_BIO_ETH_E,2030,-0.0026
UPS_RNW_BIO_ETH_E,2040,-0.0026
UPS_RNW_BIO_ETH_E,2050,-0.0026
UPS_RNW_BLQ_E,2025,-0.0026
UPS_RNW_BLQ_E,2030,-0.0026
UPS_RNW_BLQ_E,2040,-0.0026
UPS_RNW_BLQ_E,2050,-0.0026
UPS_RNW_BLQ_SUB_E,2025,-0.0026
UPS_RNW_BLQ_SUB_E,2030,-0.0026
UPS_RNW_BLQ_SUB_E,2040,-0.0026
UPS_RNW_BLQ_SUB_E,2050,-0.0026
UPS_RNW_BMU_E,2025,-0.0026
UPS_RNW_BMU_E,2030,-0.0026
UPS_RNW_BMU_E,2040,-0.0026
UPS_RNW_BMU_E,2050,-0.0026
UPS_RNW_SLB_HIGH_E,2025,-0.0026
UPS_RNW_SLB_HIGH_E,2030,-0.0026
UPS_RNW_SLB_HIGH_E,2040,-0.0026
UPS_RNW_SLB_HIGH_E,2050,-0.0026
UPS_RNW_SLB_LOW_E,2025,-0.0026
UPS_RNW_SLB_LOW_E,2030,-0.0026
UPS_RNW_SLB_LOW_E,2040,-0.0026
UPS_RNW_SLB_LOW_E,2050,-0.0026
UPS_RNW_SLB_MED_E,2025,-0.0026
UPS_RNW_SLB_MED_E,2030,-0.0026
UPS_RNW_SLB_MED_E,2040,-0.0026
UPS_RNW_SLB_MED_E,2050,-0.0026
