TRA_RAIL_FRG_E,2025,TRA_RAIL_FRG,Emission_Premium
TRA_RAIL_FRG_E,2030,TRA_RAIL_FRG,Emission_Premium
TRA_RAIL_FRG_E,2040,TRA_RAIL_FRG,Emission_Premium
TRA_RAIL_FRG_E,2050,TRA_RAIL_FRG,Emission_Premium
TRA_RAIL_PAS_E,2025,TRA_RAIL_PSG,Emission_Penalty
TRA_RAIL_PAS_E,2030,TRA_RAIL_PSG,Emission_Penalty
TRA_RAIL_PAS_E,2040,TRA_RAIL_PSG,Emission_Penalty
TRA_RAIL_PAS_E,2050,TRA_RAIL_PSG,Emission_Penalty
TRA_ROA_BUS_DST_E,2025,TRA_ROA_BUS,Emission_Penalty
TRA_ROA_BUS_DST_E,2030,TRA_ROA_BUS,Emission_Penalty
TRA_ROA_BUS_DST_E,2040,TRA_ROA_BUS,Emission_Penalty
TRA_ROA_BUS_DST_E,2050,TRA_ROA_BUS,Emission_Penalty
TRA_ROA_BUS_NGA_E,2025,TRA_ROA_BUS,Emission_Penalty
TRA_ROA_BUS_NGA_E,2030,TRA_ROA_BUS,Emission_Penalty
TRA_ROA_BUS_NGA_E,2040,TRA_ROA_BUS,Emission_Penalty
TRA_ROA_BUS_NGA_E,2050,TRA_ROA_BUS,Emission_Penalty
TRA_ROA_CAR_DST_E,2025,TRA_ROA_CAR,Emission_Penalty
TRA_ROA_CAR_DST_E,2030,TRA_ROA_CAR,Emission_Penalty
TRA_ROA_CAR_DST_E,2040,TRA_ROA_CAR,Emission_Penalty
TRA_ROA_CAR_DST_E,2050,TRA_ROA_CAR,Emission_Penalty
TRA_ROA_CAR_GSL_E,2025,TRA_ROA_CAR,Emission_Penalty
TRA_ROA_CAR_GSL_E,2030,TRA_ROA_CAR,Emission_Penalty
TRA_ROA_CAR_GSL_E,2040,TRA_ROA_CAR,Emission_Penalty
TRA_ROA_CAR_GSL_E,2050,TRA_ROA_CAR,Emission_Penalty
TRA_ROA_CAR_LPG_E,2025,TRA_ROA_CAR,Emission_Penalty
TRA_ROA_CAR_LPG_E,2030,TRA_ROA_CAR,Emission_Penalty
TRA_ROA_CAR_LPG_E,2040,TRA_ROA_CAR,Emission_Penalty
TRA_ROA_CAR_LPG_E,2050,TRA_ROA_CAR,Emission_Penalty
TRA_ROA_CAR_NGA_E,2025,TRA_ROA_CAR,Emission_Penalty
TRA_ROA_CAR_NGA_E,2030,TRA_ROA_CAR,Emission_Penalty
TRA_ROA_CAR_NGA_E,2040,TRA_ROA_CAR,Emission_Penalty
TRA_ROA_CAR_NGA_E,2050,TRA_ROA_CAR,Emission_Penalty
TRA_ROA_HTR_DST_E,2025,TRA_ROA_HTR,Emission_Penalty
TRA_ROA_HTR_DST_E,2030,TRA_ROA_HTR,Emission_Penalty
TRA_ROA_HTR_DST_E,2040,TRA_ROA_HTR,Emission_Penalty
TRA_ROA_HTR_DST_E,2050,TRA_ROA_HTR,Emission_Penalty
TRA_ROA_LCV_DST_E,2025,TRA_ROA_LCV,Emission_Penalty
TRA_ROA_LCV_DST_E,2030,TRA_ROA_LCV,Emission_Penalty
TRA_ROA_LCV_DST_E,2040,TRA_ROA_LCV,Emission_Penalty
TRA_ROA_LCV_DST_E,2050,TRA_ROA_LCV,Emission_Penalty
TRA_ROA_LCV_GSL_E,2025,TRA_ROA_LCV,Emission_Penalty
TRA_ROA_LCV_GSL_E,2030,TRA_ROA_LCV,Emission_Penalty
TRA_ROA_LCV_GSL_E,2040,TRA_ROA_LCV,Emission_Penalty
TRA_ROA_LCV_GSL_E,2050,TRA_ROA_LCV,Emission_Penalty
TRA_ROA_MOP_GSL_E,2025,TRA_ROA_2WH,Emission_Penalty
TRA_ROA_MOP_GSL_E,2030,TRA_ROA_2WH,Emission_Penalty
TRA_ROA_MOP_GSL_E,2040,TRA_ROA_2WH,Emission_Penalty
TRA_ROA_MOP_GSL_E,2050,TRA_ROA_2WH,Emission_Penalty
TRA_ROA_MCY_GSL_E,2025,TRA_ROA_2WH,Emission_Penalty
TRA_ROA_MCY_GSL_E,2030,TRA_ROA_2WH,Emission_Penalty
TRA_ROA_MCY_GSL_E,2040,TRA_ROA_2WH,Emission_Penalty
TRA_ROA_MCY_GSL_E,2050,TRA_ROA_2WH,Emission_Penalty
TRA_ROA_MTR_DST_E,2025,TRA_ROA_MTR,Emission_Penalty
TRA_ROA_MTR_DST_E,2030,TRA_ROA_MTR,Emission_Penalty
TRA_ROA_MTR_DST_E,2040,TRA_ROA_MTR,Emission_Penalty
TRA_ROA_MTR_DST_E,2050,TRA_ROA_MTR,Emission_Penalty
TRA_RAIL_PAS_DST_N,2025,TRA_RAIL_PSG,Emission_Penalty
TRA_RAIL_PAS_DST_N,2030,TRA_RAIL_PSG,Emission_Penalty
TRA_RAIL_PAS_DST_N,2040,TRA_RAIL_PSG,Emission_Penalty
TRA_RAIL_PAS_DST_N,2050,TRA_RAIL_PSG,Emission_Penalty
TRA_RAIL_FRG_DST_N,2025,TRA_RAIL_FRG,Emission_Premium
TRA_RAIL_FRG_DST_N,2030,TRA_RAIL_FRG,Emission_Premium
TRA_RAIL_FRG_DST_N,2040,TRA_RAIL_FRG,Emission_Premium
TRA_RAIL_FRG_DST_N,2050,TRA_RAIL_FRG,Emission_Premium
TRA_ROA_2WH_GSL_N,2025,TRA_ROA_2WH,Emission_Penalty
TRA_ROA_2WH_GSL_N,2030,TRA_ROA_2WH,Emission_Penalty
TRA_ROA_2WH_GSL_N,2040,TRA_ROA_2WH,Emission_Penalty
TRA_ROA_2WH_GSL_N,2050,TRA_ROA_2WH,Emission_Penalty
TRA_ROA_2WH_DST_N,2025,TRA_ROA_2WH,Emission_Penalty
TRA_ROA_2WH_DST_N,2030,TRA_ROA_2WH,Emission_Penalty
TRA_ROA_2WH_DST_N,2040,TRA_ROA_2WH,Emission_Penalty
TRA_ROA_2WH_DST_N,2050,TRA_ROA_2WH,Emission_Penalty
TRA_ROA_2WH_FULHYB_N,2025,TRA_ROA_2WH,Emission_Penalty
TRA_ROA_2WH_FULHYB_N,2030,TRA_ROA_2WH,Emission_Penalty
TRA_ROA_2WH_FULHYB_N,2040,TRA_ROA_2WH,Emission_Penalty
TRA_ROA_2WH_FULHYB_N,2050,TRA_ROA_2WH,Emission_Penalty
TRA_ROA_BUS_GSL_N,2025,TRA_ROA_BUS,Emission_Penalty
TRA_ROA_BUS_GSL_N,2030,TRA_ROA_BUS,Emission_Penalty
TRA_ROA_BUS_GSL_N,2040,TRA_ROA_BUS,Emission_Penalty
TRA_ROA_BUS_GSL_N,2050,TRA_ROA_BUS,Emission_Penalty
TRA_ROA_BUS_DST_N,2025,TRA_ROA_BUS,Emission_Penalty
TRA_ROA_BUS_DST_N,2030,TRA_ROA_BUS,Emission_Penalty
TRA_ROA_BUS_DST_N,2040,TRA_ROA_BUS,Emission_Penalty
TRA_ROA_BUS_DST_N,2050,TRA_ROA_BUS,Emission_Penalty
TRA_ROA_BUS_LPG_N,2025,TRA_ROA_BUS,Emission_Penalty
TRA_ROA_BUS_LPG_N,2030,TRA_ROA_BUS,Emission_Penalty
TRA_ROA_BUS_LPG_N,2040,TRA_ROA_BUS,Emission_Penalty
TRA_ROA_BUS_LPG_N,2050,TRA_ROA_BUS,Emission_Penalty
TRA_ROA_BUS_NGA_N,2025,TRA_ROA_BUS,Emission_Penalty
TRA_ROA_BUS_NGA_N,2030,TRA_ROA_BUS,Emission_Penalty
TRA_ROA_BUS_NGA_N,2040,TRA_ROA_BUS,Emission_Penalty
TRA_ROA_BUS_NGA_N,2050,TRA_ROA_BUS,Emission_Penalty
TRA_ROA_BUS_PLGHYB_N,2025,TRA_ROA_BUS,Emission_Penalty
TRA_ROA_BUS_PLGHYB_N,2030,TRA_ROA_BUS,Emission_Penalty
TRA_ROA_BUS_PLGHYB_N,2040,TRA_ROA_BUS,Emission_Penalty
TRA_ROA_BUS_PLGHYB_N,2050,TRA_ROA_BUS,Emission_Penalty
TRA_ROA_CAR_GSL_N,2025,TRA_ROA_CAR,Emission_Penalty
TRA_ROA_CAR_GSL_N,2030,TRA_ROA_CAR,Emission_Penalty
TRA_ROA_CAR_GSL_N,2040,TRA_ROA_CAR,Emission_Penalty
TRA_ROA_CAR_GSL_N,2050,TRA_ROA_CAR,Emission_Penalty
TRA_ROA_CAR_DST_N,2025,TRA_ROA_CAR,Emission_Penalty
TRA_ROA_CAR_DST_N,2030,TRA_ROA_CAR,Emission_Penalty
TRA_ROA_CAR_DST_N,2040,TRA_ROA_CAR,Emission_Penalty
TRA_ROA_CAR_DST_N,2050,TRA_ROA_CAR,Emission_Penalty
TRA_ROA_CAR_LPG_N,2025,TRA_ROA_CAR,Emission_Penalty
TRA_ROA_CAR_LPG_N,2030,TRA_ROA_CAR,Emission_Penalty
TRA_ROA_CAR_LPG_N,2040,TRA_ROA_CAR,Emission_Penalty
TRA_ROA_CAR_LPG_N,2050,TRA_ROA_CAR,Emission_Penalty
TRA_ROA_CAR_NGA_N,2025,TRA_ROA_CAR,Emission_Penalty
TRA_ROA_CAR_NGA_N,2030,TRA_ROA_CAR,Emission_Penalty
TRA_ROA_CAR_NGA_N,2040,TRA_ROA_CAR,Emission_Penalty
TRA_ROA_CAR_NGA_N,2050,TRA_ROA_CAR,Emission_Penalty
TRA_ROA_CAR_MILHYB_N,2025,TRA_ROA_CAR,Emission_Penalty
TRA_ROA_CAR_MILHYB_N,2030,TRA_ROA_CAR,Emission_Penalty
TRA_ROA_CAR_MILHYB_N,2040,TRA_ROA_CAR,Emission_Penalty
TRA_ROA_CAR_MILHYB_N,2050,TRA_ROA_CAR,Emission_Penalty
TRA_ROA_CAR_FULHYB_N,2025,TRA_ROA_CAR,Emission_Penalty
TRA_ROA_CAR_FULHYB_N,2030,TRA_ROA_CAR,Emission_Penalty
TRA_ROA_CAR_FULHYB_N,2040,TRA_ROA_CAR,Emission_Penalty
TRA_ROA_CAR_FULHYB_N,2050,TRA_ROA_CAR,Emission_Penalty
TRA_ROA_CAR_PLGHYB_N,2025,TRA_ROA_CAR,Emission_Penalty
TRA_ROA_CAR_PLGHYB_N,2030,TRA_ROA_CAR,Emission_Penalty
TRA_ROA_CAR_PLGHYB_N,2040,TRA_ROA_CAR,Emission_Penalty
TRA_ROA_CAR_PLGHYB_N,2050,TRA_ROA_CAR,Emission_Penalty
TRA_ROA_HTR_GSL_N,2025,TRA_ROA_HTR,Emission_Penalty
TRA_ROA_HTR_GSL_N,2030,TRA_ROA_HTR,Emission_Penalty
TRA_ROA_HTR_GSL_N,2040,TRA_ROA_HTR,Emission_Penalty
TRA_ROA_HTR_GSL_N,2050,TRA_ROA_HTR,Emission_Penalty
TRA_ROA_HTR_DST_N,2025,TRA_ROA_HTR,Emission_Penalty
TRA_ROA_HTR_DST_N,2030,TRA_ROA_HTR,Emission_Penalty
TRA_ROA_HTR_DST_N,2040,TRA_ROA_HTR,Emission_Penalty
TRA_ROA_HTR_DST_N,2050,TRA_ROA_HTR,Emission_Penalty
TRA_ROA_HTR_LPG_N,2025,TRA_ROA_HTR,Emission_Penalty
TRA_ROA_HTR_LPG_N,2030,TRA_ROA_HTR,Emission_Penalty
TRA_ROA_HTR_LPG_N,2040,TRA_ROA_HTR,Emission_Penalty
TRA_ROA_HTR_LPG_N,2050,TRA_ROA_HTR,Emission_Penalty
TRA_ROA_HTR_NGA_N,2025,TRA_ROA_HTR,Emission_Penalty
TRA_ROA_HTR_NGA_N,2030,TRA_ROA_HTR,Emission_Penalty
TRA_ROA_HTR_NGA_N,2040,TRA_ROA_HTR,Emission_Penalty
TRA_ROA_HTR_NGA_N,2050,TRA_ROA_HTR,Emission_Penalty
TRA_ROA_HTR_PLGHYB_N,2025,TRA_ROA_HTR,Emission_Premium
TRA_ROA_HTR_PLGHYB_N,2030,TRA_ROA_HTR,Emission_Premium
TRA_ROA_HTR_PLGHYB_N,2040,TRA_ROA_HTR,Emission_Premium
TRA_ROA_HTR_PLGHYB_N,2050,TRA_ROA_HTR,Emission_Premium
TRA_ROA_LCV_GSL_N,2025,TRA_ROA_LCV,Emission_Penalty
TRA_ROA_LCV_GSL_N,2030,TRA_ROA_LCV,Emission_Penalty
TRA_ROA_LCV_GSL_N,2040,TRA_ROA_LCV,Emission_Penalty
TRA_ROA_LCV_GSL_N,2050,TRA_ROA_LCV,Emission_Penalty
TRA_ROA_LCV_DST_N,2025,TRA_ROA_LCV,Emission_Penalty
TRA_ROA_LCV_DST_N,2030,TRA_ROA_LCV,Emission_Penalty
TRA_ROA_LCV_DST_N,2040,TRA_ROA_LCV,Emission_Penalty
TRA_ROA_LCV_DST_N,2050,TRA_ROA_LCV,Emission_Penalty
TRA_ROA_LCV_LPG_N,2025,TRA_ROA_LCV,Emission_Penalty
TRA_ROA_LCV_LPG_N,2030,TRA_ROA_LCV,Emission_Penalty
TRA_ROA_LCV_LPG_N,2040,TRA_ROA_LCV,Emission_Penalty
TRA_ROA_LCV_LPG_N,2050,TRA_ROA_LCV,Emission_Penalty
TRA_ROA_LCV_NGA_N,2025,TRA_ROA_LCV,Emission_Penalty
TRA_ROA_LCV_NGA_N,2030,TRA_ROA_LCV,Emission_Penalty
TRA_ROA_LCV_NGA_N,2040,TRA_ROA_LCV,Emission_Penalty
TRA_ROA_LCV_NGA_N,2050,TRA_ROA_LCV,Emission_Penalty
TRA_ROA_LCV_FULHYB_N,2025,TRA_ROA_LCV,Emission_Penalty
TRA_ROA_LCV_FULHYB_N,2030,TRA_ROA_LCV,Emission_Penalty
TRA_ROA_LCV_FULHYB_N,2040,TRA_ROA_LCV,Emission_Penalty
TRA_ROA_LCV_FULHYB_N,2050,TRA_ROA_LCV,Emission_Penalty
TRA_ROA_LCV_PLGHYB_N,2025,TRA_ROA_LCV,Emission_Penalty
TRA_ROA_LCV_PLGHYB_N,2030,TRA_ROA_LCV,Emission_Penalty
TRA_ROA_LCV_PLGHYB_N,2040,TRA_ROA_LCV,Emission_Penalty
TRA_ROA_LCV_PLGHYB_N,2050,TRA_ROA_LCV,Emission_Penalty
TRA_ROA_MTR_GSL_N,2025,TRA_ROA_MTR,Emission_Penalty
TRA_ROA_MTR_GSL_N,2030,TRA_ROA_MTR,Emission_Penalty
TRA_ROA_MTR_GSL_N,2040,TRA_ROA_MTR,Emission_Penalty
TRA_ROA_MTR_GSL_N,2050,TRA_ROA_MTR,Emission_Penalty
TRA_ROA_MTR_DST_N,2025,TRA_ROA_MTR,Emission_Penalty
TRA_ROA_MTR_DST_N,2030,TRA_ROA_MTR,Emission_Penalty
TRA_ROA_MTR_DST_N,2040,TRA_ROA_MTR,Emission_Penalty
TRA_ROA_MTR_DST_N,2050,TRA_ROA_MTR,Emission_Penalty
TRA_ROA_MTR_LPG_N,2025,TRA_ROA_MTR,Emission_Penalty
TRA_ROA_MTR_LPG_N,2030,TRA_ROA_MTR,Emission_Penalty
TRA_ROA_MTR_LPG_N,2040,TRA_ROA_MTR,Emission_Penalty
TRA_ROA_MTR_LPG_N,2050,TRA_ROA_MTR,Emission_Penalty
TRA_ROA_MTR_NGA_N,2025,TRA_ROA_MTR,Emission_Penalty
TRA_ROA_MTR_NGA_N,2030,TRA_ROA_MTR,Emission_Penalty
TRA_ROA_MTR_NGA_N,2040,TRA_ROA_MTR,Emission_Penalty
TRA_ROA_MTR_NGA_N,2050,TRA_ROA_MTR,Emission_Penalty
TRA_ROA_MTR_PLGHYB_N,2025,TRA_ROA_MTR,Emission_Premium
TRA_ROA_MTR_PLGHYB_N,2030,TRA_ROA_MTR,Emission_Premium
TRA_ROA_MTR_PLGHYB_N,2040,TRA_ROA_MTR,Emission_Premium
TRA_ROA_MTR_PLGHYB_N,2050,TRA_ROA_MTR,Emission_Premium
IND_CH_BTX_E,2025,IND_CH_BTX,Emission_Penalty
IND_CH_BTX_E,2030,IND_CH_BTX,Emission_Penalty
IND_CH_BTX_E,2040,IND_CH_BTX,Emission_Penalty
IND_CH_BTX_E,2050,IND_CH_BTX,Emission_Penalty
IND_CH_AMM_E,2025,IND_CH_AMM,Emission_Penalty
IND_CH_AMM_E,2030,IND_CH_AMM,Emission_Penalty
IND_CH_AMM_E,2040,IND_CH_AMM,Emission_Penalty
IND_CH_AMM_E,2050,IND_CH_AMM,Emission_Penalty
IND_CH_MTH_E,2025,IND_CH_MTH,Emission_Penalty
IND_CH_MTH_E,2030,IND_CH_MTH,Emission_Penalty
IND_CH_MTH_E,2040,IND_CH_MTH,Emission_Penalty
IND_CH_MTH_E,2050,IND_CH_MTH,Emission_Penalty
IND_IS_BOF_E,2025,IND_IS_BOF,Emission_Penalty
IND_IS_BOF_E,2030,IND_IS_BOF,Emission_Penalty
IND_IS_BOF_E,2040,IND_IS_BOF,Emission_Penalty
IND_IS_BOF_E,2050,IND_IS_BOF,Emission_Penalty
IND_IS_EAF_E,2025,IND_IS_EAF,Emission_Premium
IND_IS_EAF_E,2030,IND_IS_EAF,Emission_Premium
IND_IS_EAF_E,2040,IND_IS_EAF,Emission_Premium
IND_IS_EAF_E,2050,IND_IS_EAF,Emission_Premium
IND_NF_ALU_E,2025,IND_NF_ALU,Emission_Premium
IND_NF_ALU_E,2030,IND_NF_ALU,Emission_Premium
IND_NF_ALU_E,2040,IND_NF_ALU,Emission_Premium
IND_NF_ALU_E,2050,IND_NF_ALU,Emission_Premium
IND_NM_CLK_DRY_E,2025,IND_NM_CMT,Emission_Penalty
IND_NM_CLK_DRY_E,2030,IND_NM_CMT,Emission_Penalty
IND_NM_CLK_DRY_E,2040,IND_NM_CMT,Emission_Penalty
IND_NM_CLK_DRY_E,2050,IND_NM_CMT,Emission_Penalty
IND_NM_CLK_WET_E,2025,IND_NM_CMT,Emission_Penalty
IND_NM_CLK_WET_E,2030,IND_NM_CMT,Emission_Penalty
IND_NM_CLK_WET_E,2040,IND_NM_CMT,Emission_Penalty
IND_NM_CLK_WET_E,2050,IND_NM_CMT,Emission_Penalty
IND_CH_HVC_NAPSC_N,2025,IND_CH_HVC,Emission_Penalty
IND_CH_HVC_NAPSC_N,2030,IND_CH_HVC,Emission_Penalty
IND_CH_HVC_NAPSC_N,2040,IND_CH_HVC,Emission_Penalty
IND_CH_HVC_NAPSC_N,2050,IND_CH_HVC,Emission_Penalty
IND_CH_HVC_ETHSC_N,2025,IND_CH_HVC,Emission_Premium
IND_CH_HVC_ETHSC_N,2030,IND_CH_HVC,Emission_Premium
IND_CH_HVC_ETHSC_N,2040,IND_CH_HVC,Emission_Premium
IND_CH_HVC_ETHSC_N,2050,IND_CH_HVC,Emission_Premium
IND_CH_HVC_GSOSC_N,2025,IND_CH_HVC,Emission_Penalty
IND_CH_HVC_GSOSC_N,2030,IND_CH_HVC,Emission_Penalty
IND_CH_HVC_GSOSC_N,2040,IND_CH_HVC,Emission_Penalty
IND_CH_HVC_GSOSC_N,2050,IND_CH_HVC,Emission_Penalty
IND_CH_HVC_LPGSC_N,2025,IND_CH_HVC,Emission_Penalty
IND_CH_HVC_LPGSC_N,2030,IND_CH_HVC,Emission_Penalty
IND_CH_HVC_LPGSC_N,2040,IND_CH_HVC,Emission_Penalty
IND_CH_HVC_LPGSC_N,2050,IND_CH_HVC,Emission_Penalty
IND_CH_HVC_NCC_N,2025,IND_CH_HVC,Emission_Penalty
IND_CH_HVC_NCC_N,2030,IND_CH_HVC,Emission_Penalty
IND_CH_HVC_NCC_N,2040,IND_CH_HVC,Emission_Penalty
IND_CH_HVC_NCC_N,2050,IND_CH_HVC,Emission_Penalty
IND_CH_HVC_BDH_N,2025,IND_CH_HVC,Emission_Premium
IND_CH_HVC_BDH_N,2030,IND_CH_HVC,Emission_Premium
IND_CH_HVC_BDH_N,2040,IND_CH_HVC,Emission_Premium
IND_CH_HVC_BDH_N,2050,IND_CH_HVC,Emission_Premium
IND_CH_AMM_NGASR_N,2025,IND_CH_AMM,Emission_Penalty
IND_CH_AMM_NGASR_N,2030,IND_CH_AMM,Emission_Premium
IND_CH_AMM_NGASR_N,2040,IND_CH_AMM,Emission_Premium
IND_CH_AMM_NGASR_N,2050,IND_CH_AMM,Emission_Premium
IND_CH_AMM_NGASR_CCS_N,2025,IND_CH_AMM,Emission_Premium
IND_CH_AMM_NGASR_CCS_N,2030,IND_CH_AMM,Emission_Premium
IND_CH_AMM_NGASR_CCS_N,2040,IND_CH_AMM,Emission_Premium
IND_CH_AMM_NGASR_CCS_N,2050,IND_CH_AMM,Emission_Premium
IND_CH_AMM_NAPPOX_N,2025,IND_CH_AMM,Emission_Penalty
IND_CH_AMM_NAPPOX_N,2030,IND_CH_AMM,Emission_Penalty
IND_CH_AMM_NAPPOX_N,2040,IND_CH_AMM,Emission_Penalty
IND_CH_AMM_NAPPOX_N,2050,IND_CH_AMM,Emission_Penalty
IND_CH_AMM_COAGSF_N,2025,IND_CH_AMM,Emission_Penalty
IND_CH_AMM_COAGSF_N,2030,IND_CH_AMM,Emission_Penalty
IND_CH_AMM_COAGSF_N,2040,IND_CH_AMM,Emission_Penalty
IND_CH_AMM_COAGSF_N,2050,IND_CH_AMM,Emission_Penalty
IND_CH_AMM_BIOGSF_N,2025,IND_CH_AMM,Emission_Premium
IND_CH_AMM_BIOGSF_N,2030,IND_CH_AMM,Emission_Premium
IND_CH_AMM_BIOGSF_N,2040,IND_CH_AMM,Emission_Premium
IND_CH_AMM_BIOGSF_N,2050,IND_CH_AMM,Emission_Premium
IND_CH_MTH_NGASR_N,2025,IND_CH_MTH,Emission_Penalty
IND_CH_MTH_NGASR_N,2030,IND_CH_MTH,Emission_Penalty
IND_CH_MTH_NGASR_N,2040,IND_CH_MTH,Emission_Penalty
IND_CH_MTH_NGASR_N,2050,IND_CH_MTH,Emission_Penalty
IND_CH_MTH_NGASR_CCS_N,2025,IND_CH_MTH,Emission_Premium
IND_CH_MTH_NGASR_CCS_N,2030,IND_CH_MTH,Emission_Premium
IND_CH_MTH_NGASR_CCS_N,2040,IND_CH_MTH,Emission_Premium
IND_CH_MTH_NGASR_CCS_N,2050,IND_CH_MTH,Emission_Premium
IND_CH_MTH_COGSR_N,2025,IND_CH_MTH,Emission_Penalty
IND_CH_MTH_COGSR_N,2030,IND_CH_MTH,Emission_Penalty
IND_CH_MTH_COGSR_N,2040,IND_CH_MTH,Emission_Penalty
IND_CH_MTH_COGSR_N,2050,IND_CH_MTH,Emission_Penalty
IND_CH_MTH_LPGSR_N,2025,IND_CH_MTH,Emission_Penalty
IND_CH_MTH_LPGSR_N,2030,IND_CH_MTH,Emission_Penalty
IND_CH_MTH_LPGSR_N,2040,IND_CH_MTH,Emission_Penalty
IND_CH_MTH_LPGSR_N,2050,IND_CH_MTH,Emission_Penalty
IND_CH_MTH_COAGSF_N,2025,IND_CH_MTH,Emission_Penalty
IND_CH_MTH_COAGSF_N,2030,IND_CH_MTH,Emission_Penalty
IND_CH_MTH_COAGSF_N,2040,IND_CH_MTH,Emission_Penalty
IND_CH_MTH_COAGSF_N,2050,IND_CH_MTH,Emission_Penalty
IND_CH_MTH_BIOGSF_N,2025,IND_CH_MTH,Emission_Premium
IND_CH_MTH_BIOGSF_N,2030,IND_CH_MTH,Emission_Premium
IND_CH_MTH_BIOGSF_N,2040,IND_CH_MTH,Emission_Premium
IND_CH_MTH_BIOGSF_N,2050,IND_CH_MTH,Emission_Premium
IND_IS_BOF_BFBOF_N,2025,IND_IS_BOF,Emission_Penalty
IND_IS_BOF_BFBOF_N,2030,IND_IS_BOF,Emission_Penalty
IND_IS_BOF_BFBOF_N,2040,IND_IS_BOF,Emission_Penalty
IND_IS_BOF_BFBOF_N,2050,IND_IS_BOF,Emission_Penalty
IND_IS_BOF_BFBOF_CCS_N,2030,IND_IS_BOF,Emission_Premium
IND_IS_BOF_BFBOF_CCS_N,2040,IND_IS_BOF,Emission_Premium
IND_IS_BOF_BFBOF_CCS_N,2050,IND_IS_BOF,Emission_Premium
IND_IS_BOF_BFTGRBOF_CCS_N,2040,IND_IS_BOF,Emission_Premium
IND_IS_BOF_BFTGRBOF_CCS_N,2050,IND_IS_BOF,Emission_Premium
IND_IS_DRI_DRIEAF_N,2025,IND_IS_EAF,Emission_Premium
IND_IS_DRI_DRIEAF_N,2030,IND_IS_EAF,Emission_Premium
IND_IS_DRI_DRIEAF_N,2040,IND_IS_EAF,Emission_Premium
IND_IS_DRI_DRIEAF_N,2050,IND_IS_EAF,Emission_Premium
IND_IS_DRI_DRIEAF_CCS_N,2030,IND_IS_EAF,Emission_Premium
IND_IS_DRI_DRIEAF_CCS_N,2040,IND_IS_EAF,Emission_Premium
IND_IS_DRI_DRIEAF_CCS_N,2050,IND_IS_EAF,Emission_Premium
IND_IS_DRI_HDREAF_N,2030,IND_IS_EAF,Emission_Premium
IND_IS_DRI_HDREAF_N,2040,IND_IS_EAF,Emission_Premium
IND_IS_DRI_HDREAF_N,2050,IND_IS_EAF,Emission_Premium
IND_IS_BOF_HISBOF_N,2025,IND_IS_BOF,Emission_Penalty
IND_IS_BOF_HISBOF_N,2030,IND_IS_BOF,Emission_Penalty
IND_IS_BOF_HISBOF_N,2040,IND_IS_BOF,Emission_Penalty
IND_IS_BOF_HISBOF_N,2050,IND_IS_BOF,Emission_Penalty
IND_IS_BOF_HISBOF_CCS_N,2030,IND_IS_BOF,Emission_Premium
IND_IS_BOF_HISBOF_CCS_N,2040,IND_IS_BOF,Emission_Premium
IND_IS_BOF_HISBOF_CCS_N,2050,IND_IS_BOF,Emission_Premium
IND_IS_BOF_ULCOWIN_N,2030,IND_IS_BOF,Emission_Premium
IND_IS_BOF_ULCOWIN_N,2040,IND_IS_BOF,Emission_Premium
IND_IS_BOF_ULCOWIN_N,2050,IND_IS_BOF,Emission_Premium
IND_IS_BOF_ULCOLYSIS_N,2030,IND_IS_BOF,Emission_Premium
IND_IS_BOF_ULCOLYSIS_N,2040,IND_IS_BOF,Emission_Premium
IND_IS_BOF_ULCOLYSIS_N,2050,IND_IS_BOF,Emission_Premium
IND_IS_BOF_ULCORED_CCS_N,2030,IND_IS_EAF,Emission_Premium
IND_IS_BOF_ULCORED_CCS_N,2040,IND_IS_EAF,Emission_Premium
IND_IS_BOF_ULCORED_CCS_N,2050,IND_IS_EAF,Emission_Premium
IND_NF_ALU_HLH_N,2025,IND_NF_ALU,Emission_Premium
IND_NF_ALU_HLH_N,2030,IND_NF_ALU,Emission_Premium
IND_NF_ALU_HLH_N,2040,IND_NF_ALU,Emission_Premium
IND_NF_ALU_HLH_N,2050,IND_NF_ALU,Emission_Premium
IND_NF_ALU_SEC_N,2025,IND_NF_ALU,Emission_Premium
IND_NF_ALU_SEC_N,2030,IND_NF_ALU,Emission_Premium
IND_NF_ALU_SEC_N,2040,IND_NF_ALU,Emission_Premium
IND_NF_ALU_SEC_N,2050,IND_NF_ALU,Emission_Premium
IND_NF_ALU_HLHIA_N,2030,IND_NF_ALU,Emission_Premium
IND_NF_ALU_HLHIA_N,2040,IND_NF_ALU,Emission_Premium
IND_NF_ALU_HLHIA_N,2050,IND_NF_ALU,Emission_Premium
IND_NF_ALU_CBT_N,2050,IND_NF_ALU,Emission_Premium
IND_NM_CLK_DRY_N,2025,IND_NM_CLK,Emission_Premium
IND_NM_CLK_DRY_N,2030,IND_NM_CLK,Emission_Premium
IND_NM_CLK_DRY_N,2040,IND_NM_CLK,Emission_Premium
IND_NM_CLK_DRY_N,2050,IND_NM_CLK,Emission_Premium
IND_NM_CLK_DRY_BIO_N,2025,IND_NM_CLK,Emission_Premium
IND_NM_CLK_DRY_BIO_N,2030,IND_NM_CLK,Emission_Premium
IND_NM_CLK_DRY_BIO_N,2040,IND_NM_CLK,Emission_Premium
IND_NM_CLK_DRY_BIO_N,2050,IND_NM_CLK,Emission_Premium
IND_NM_CLK_WET_N,2025,IND_NM_CLK,Emission_Penalty
IND_NM_CLK_WET_N,2030,IND_NM_CLK,Emission_Penalty
IND_NM_CLK_WET_N,2040,IND_NM_CLK,Emission_Penalty
IND_NM_CLK_WET_N,2050,IND_NM_CLK,Emission_Penalty
IND_NM_CLK_DRYCL_PCCS_N,2025,IND_NM_CLK,Emission_Premium
IND_NM_CLK_DRYCL_PCCS_N,2030,IND_NM_CLK,Emission_Premium
IND_NM_CLK_DRYCL_PCCS_N,2040,IND_NM_CLK,Emission_Premium
IND_NM_CLK_DRYCL_PCCS_N,2050,IND_NM_CLK,Emission_Premium
IND_NM_CLK_DRYCL_PCCS_BIO_N,2025,IND_NM_CLK,Emission_Premium
IND_NM_CLK_DRYCL_PCCS_BIO_N,2030,IND_NM_CLK,Emission_Premium
IND_NM_CLK_DRYCL_PCCS_BIO_N,2040,IND_NM_CLK,Emission_Premium
IND_NM_CLK_DRYCL_PCCS_BIO_N,2050,IND_NM_CLK,Emission_Premium
IND_NM_CLK_DRYCL_OCCS_N,2030,IND_NM_CLK,Emission_Premium
IND_NM_CLK_DRYCL_OCCS_N,2040,IND_NM_CLK,Emission_Premium
IND_NM_CLK_DRYCL_OCCS_N,2050,IND_NM_CLK,Emission_Premium
IND_NM_CLK_DRYCL_OCCS_BIO_N,2030,IND_NM_CLK,Emission_Premium
IND_NM_CLK_DRYCL_OCCS_BIO_N,2040,IND_NM_CLK,Emission_Premium
IND_NM_CLK_DRYCL_OCCS_BIO_N,2050,IND_NM_CLK,Emission_Premium
IND_NM_CEM_AAC_N,2030,IND_NM_CMT,Emission_Premium
IND_NM_CEM_AAC_N,2040,IND_NM_CMT,Emission_Premium
IND_NM_CEM_AAC_N,2050,IND_NM_CMT,Emission_Premium
IND_NM_CEM_BEL_N,2030,IND_NM_CMT,Emission_Premium
IND_NM_CEM_BEL_N,2040,IND_NM_CMT,Emission_Premium
IND_NM_CEM_BEL_N,2050,IND_NM_CMT,Emission_Premium
IND_CHP_NGA_CI_N,2025,ELC_DST,Emission_Penalty
IND_CHP_NGA_CI_N,2030,ELC_DST,Emission_Penalty
IND_CHP_NGA_CI_N,2040,ELC_DST,Emission_Penalty
IND_CHP_NGA_CI_N,2050,ELC_DST,Emission_Penalty
IND_CHP_NGA_TG_N,2025,ELC_DST,Emission_Penalty
IND_CHP_NGA_TG_N,2030,ELC_DST,Emission_Penalty
IND_CHP_NGA_TG_N,2040,ELC_DST,Emission_Penalty
IND_CHP_NGA_TG_N,2050,ELC_DST,Emission_Penalty
IND_CHP_NGA_TV_N,2025,ELC_DST,Emission_Penalty
IND_CHP_NGA_TV_N,2030,ELC_DST,Emission_Penalty
IND_CHP_NGA_TV_N,2040,ELC_DST,Emission_Penalty
IND_CHP_NGA_TV_N,2050,ELC_DST,Emission_Penalty
ELC_COA_COND_E,2025,ELC_CEN,Emission_Penalty
ELC_COA_COND_E,2030,ELC_CEN,Emission_Penalty
ELC_COA_COND_E,2040,ELC_CEN,Emission_Penalty
ELC_COA_COND_E,2050,ELC_CEN,Emission_Penalty
ELC_COA_OIL_E,2025,ELC_CEN,Emission_Penalty
ELC_COA_OIL_E,2030,ELC_CEN,Emission_Penalty
ELC_COA_OIL_E,2040,ELC_CEN,Emission_Penalty
ELC_COA_OIL_E,2050,ELC_CEN,Emission_Penalty
ELC_NGA_CC_E,2025,ELC_CEN,Emission_Penalty
ELC_NGA_CC_E,2030,ELC_CEN,Emission_Penalty
ELC_NGA_CC_E,2040,ELC_CEN,Emission_Penalty
ELC_NGA_CC_E,2050,ELC_CEN,Emission_Penalty
ELC_NGA_OIL_E,2025,ELC_CEN,Emission_Penalty
ELC_NGA_OIL_E,2030,ELC_CEN,Emission_Penalty
ELC_NGA_OIL_E,2040,ELC_CEN,Emission_Penalty
ELC_NGA_OIL_E,2050,ELC_CEN,Emission_Penalty
ELC_NGA_STM_REP_E,2025,ELC_CEN,Emission_Penalty
ELC_NGA_STM_REP_E,2030,ELC_CEN,Emission_Penalty
ELC_NGA_STM_REP_E,2040,ELC_CEN,Emission_Penalty
ELC_NGA_STM_REP_E,2050,ELC_CEN,Emission_Penalty
ELC_NGA_TURB_E,2025,ELC_CEN,Emission_Penalty
ELC_NGA_TURB_E,2030,ELC_CEN,Emission_Penalty
ELC_NGA_TURB_E,2040,ELC_CEN,Emission_Penalty
ELC_NGA_TURB_E,2050,ELC_CEN,Emission_Penalty
ELC_NGA_MIN_E,2025,ELC_CEN,Emission_Penalty
ELC_NGA_MIN_E,2030,ELC_CEN,Emission_Penalty
ELC_NGA_MIN_E,2040,ELC_CEN,Emission_Penalty
ELC_NGA_MIN_E,2050,ELC_CEN,Emission_Penalty
ELC_DST_TURB_E,2025,ELC_CEN,Emission_Penalty
ELC_DST_TURB_E,2030,ELC_CEN,Emission_Penalty
ELC_DST_TURB_E,2040,ELC_CEN,Emission_Penalty
ELC_DST_TURB_E,2050,ELC_CEN,Emission_Penalty
ELC_OIL_STM_E,2025,ELC_CEN,Emission_Penalty
ELC_OIL_STM_E,2030,ELC_CEN,Emission_Penalty
ELC_OIL_STM_E,2040,ELC_CEN,Emission_Penalty
ELC_OIL_STM_E,2050,ELC_CEN,Emission_Penalty
ELC_BGS_E,2025,ELC_DST,Emission_Penalty
ELC_BGS_E,2030,ELC_DST,Emission_Penalty
ELC_BGS_E,2040,ELC_DST,Emission_Penalty
ELC_BGS_E,2050,ELC_DST,Emission_Penalty
ELC_BIO_CEN_E,2025,ELC_CEN,Emission_Penalty
ELC_BIO_CEN_E,2030,ELC_CEN,Emission_Penalty
ELC_BIO_CEN_E,2040,ELC_CEN,Emission_Penalty
ELC_BIO_CEN_E,2050,ELC_CEN,Emission_Penalty
ELC_BIO_DST_E,2025,ELC_DST,Emission_Penalty
ELC_BIO_DST_E,2030,ELC_DST,Emission_Penalty
ELC_BIO_DST_E,2040,ELC_DST,Emission_Penalty
ELC_BIO_DST_E,2050,ELC_DST,Emission_Penalty
ELC_CHP_GASDER_CC_E,2025,ELC_CEN,Emission_Penalty
ELC_CHP_GASDER_CC_E,2030,ELC_CEN,Emission_Penalty
ELC_CHP_GASDER_CC_E,2040,ELC_CEN,Emission_Penalty
ELC_CHP_GASDER_CC_E,2050,ELC_CEN,Emission_Penalty
ELC_CHP_GASDER_CC_E,2025,HET,Emission_Penalty
ELC_CHP_GASDER_CC_E,2030,HET,Emission_Penalty
ELC_CHP_GASDER_CC_E,2040,HET,Emission_Penalty
ELC_CHP_GASDER_CC_E,2050,HET,Emission_Penalty
ELC_CHP_NGA_CC_E,2025,ELC_CEN,Emission_Penalty
ELC_CHP_NGA_CC_E,2030,ELC_CEN,Emission_Penalty
ELC_CHP_NGA_CC_E,2040,ELC_CEN,Emission_Penalty
ELC_CHP_NGA_CC_E,2050,ELC_CEN,Emission_Penalty
ELC_CHP_NGA_CC_E,2025,HET,Emission_Penalty
ELC_CHP_NGA_CC_E,2030,HET,Emission_Penalty
ELC_CHP_NGA_CC_E,2040,HET,Emission_Penalty
ELC_CHP_NGA_CC_E,2050,HET,Emission_Penalty
ELC_CHP_NGA_TURB_CEN_E,2025,ELC_CEN,Emission_Penalty
ELC_CHP_NGA_TURB_CEN_E,2030,ELC_CEN,Emission_Penalty
ELC_CHP_NGA_TURB_CEN_E,2040,ELC_CEN,Emission_Penalty
ELC_CHP_NGA_TURB_CEN_E,2050,ELC_CEN,Emission_Penalty
ELC_CHP_NGA_TURB_CEN_E,2025,HET,Emission_Penalty
ELC_CHP_NGA_TURB_CEN_E,2030,HET,Emission_Penalty
ELC_CHP_NGA_TURB_CEN_E,2040,HET,Emission_Penalty
ELC_CHP_NGA_TURB_CEN_E,2050,HET,Emission_Penalty
ELC_CHP_NGA_TURB_DST_E,2025,ELC_DST,Emission_Penalty
ELC_CHP_NGA_TURB_DST_E,2030,ELC_DST,Emission_Penalty
ELC_CHP_NGA_TURB_DST_E,2040,ELC_DST,Emission_Penalty
ELC_CHP_NGA_TURB_DST_E,2050,ELC_DST,Emission_Penalty
ELC_CHP_NGA_TURB_DST_E,2025,HET,Emission_Penalty
ELC_CHP_NGA_TURB_DST_E,2030,HET,Emission_Penalty
ELC_CHP_NGA_TURB_DST_E,2040,HET,Emission_Penalty
ELC_CHP_NGA_TURB_DST_E,2050,HET,Emission_Penalty
ELC_CHP_NGA_STM_COND_E,2025,ELC_CEN,Emission_Penalty
ELC_CHP_NGA_STM_COND_E,2030,ELC_CEN,Emission_Penalty
ELC_CHP_NGA_STM_COND_E,2040,ELC_CEN,Emission_Penalty
ELC_CHP_NGA_STM_COND_E,2050,ELC_CEN,Emission_Penalty
ELC_CHP_NGA_STM_COND_E,2025,HET,Emission_Penalty
ELC_CHP_NGA_STM_COND_E,2030,HET,Emission_Penalty
ELC_CHP_NGA_STM_COND_E,2040,HET,Emission_Penalty
ELC_CHP_NGA_STM_COND_E,2050,HET,Emission_Penalty
ELC_CHP_OIL_STM_COND_CEN_E,2025,ELC_CEN,Emission_Penalty
ELC_CHP_OIL_STM_COND_CEN_E,2030,ELC_CEN,Emission_Penalty
ELC_CHP_OIL_STM_COND_CEN_E,2040,ELC_CEN,Emission_Penalty
ELC_CHP_OIL_STM_COND_CEN_E,2050,ELC_CEN,Emission_Penalty
ELC_CHP_OIL_STM_COND_CEN_E,2025,HET,Emission_Penalty
ELC_CHP_OIL_STM_COND_CEN_E,2030,HET,Emission_Penalty
ELC_CHP_OIL_STM_COND_CEN_E,2040,HET,Emission_Penalty
ELC_CHP_OIL_STM_COND_CEN_E,2050,HET,Emission_Penalty
ELC_CHP_OIL_STM_COND_DST_E,2025,ELC_DST,Emission_Penalty
ELC_CHP_OIL_STM_COND_DST_E,2030,ELC_DST,Emission_Penalty
ELC_CHP_OIL_STM_COND_DST_E,2040,ELC_DST,Emission_Penalty
ELC_CHP_OIL_STM_COND_DST_E,2050,ELC_DST,Emission_Penalty
ELC_CHP_OIL_STM_COND_DST_E,2025,HET,Emission_Penalty
ELC_CHP_OIL_STM_COND_DST_E,2030,HET,Emission_Penalty
ELC_CHP_OIL_STM_COND_DST_E,2040,HET,Emission_Penalty
ELC_CHP_OIL_STM_COND_DST_E,2050,HET,Emission_Penalty
ELC_CHP_BMU_E,2025,ELC_CEN,Emission_Penalty
ELC_CHP_BMU_E,2030,ELC_CEN,Emission_Penalty
ELC_CHP_BMU_E,2040,ELC_CEN,Emission_Penalty
ELC_CHP_BMU_E,2050,ELC_CEN,Emission_Penalty
ELC_CHP_BMU_E,2025,HET,Emission_Penalty
ELC_CHP_BMU_E,2030,HET,Emission_Penalty
ELC_CHP_BMU_E,2040,HET,Emission_Penalty
ELC_CHP_BMU_E,2050,HET,Emission_Penalty
ELC_CHP_BGS_COG_E,2025,ELC_CEN,Emission_Penalty
ELC_CHP_BGS_COG_E,2030,ELC_CEN,Emission_Penalty
ELC_CHP_BGS_COG_E,2040,ELC_CEN,Emission_Penalty
ELC_CHP_BGS_COG_E,2050,ELC_CEN,Emission_Penalty
ELC_CHP_BGS_COG_E,2025,HET,Emission_Premium
ELC_CHP_BGS_COG_E,2030,HET,Emission_Penalty
ELC_CHP_BGS_COG_E,2040,HET,Emission_Penalty
ELC_CHP_BGS_COG_E,2050,HET,Emission_Penalty
ELC_CHP_COA_IGCC_E,2025,ELC_CEN,Emission_Penalty
ELC_CHP_COA_IGCC_E,2030,ELC_CEN,Emission_Penalty
ELC_CHP_COA_IGCC_E,2040,ELC_CEN,Emission_Penalty
ELC_CHP_COA_IGCC_E,2050,ELC_CEN,Emission_Penalty
ELC_CHP_COA_IGCC_E,2025,HET,Emission_Penalty
ELC_CHP_COA_IGCC_E,2030,HET,Emission_Penalty
ELC_CHP_COA_IGCC_E,2040,HET,Emission_Penalty
ELC_CHP_COA_IGCC_E,2050,HET,Emission_Penalty
ELC_CHP_BIO_CEN_E,2025,ELC_CEN,Emission_Premium
ELC_CHP_BIO_CEN_E,2030,ELC_CEN,Emission_Premium
ELC_CHP_BIO_CEN_E,2040,ELC_CEN,Emission_Premium
ELC_CHP_BIO_CEN_E,2050,ELC_CEN,Emission_Penalty
ELC_CHP_BIO_CEN_E,2025,HET,Emission_Premium
ELC_CHP_BIO_CEN_E,2030,HET,Emission_Premium
ELC_CHP_BIO_CEN_E,2040,HET,Emission_Premium
ELC_CHP_BIO_CEN_E,2050,HET,Emission_Penalty
HET_NGA_E,2025,HET,Emission_Penalty
HET_NGA_E,2030,HET,Emission_Penalty
HET_NGA_E,2040,HET,Emission_Penalty
HET_NGA_E,2050,HET,Emission_Penalty
ELC_COA_STM_P,2025,ELC_CEN,Emission_Penalty
ELC_COA_STM_P,2030,ELC_CEN,Emission_Penalty
ELC_COA_STM_P,2040,ELC_CEN,Emission_Penalty
ELC_COA_STM_P,2050,ELC_CEN,Emission_Penalty
ELC_NGA_CC_P,2025,ELC_CEN,Emission_Penalty
ELC_NGA_CC_P,2030,ELC_CEN,Emission_Penalty
ELC_NGA_CC_P,2040,ELC_CEN,Emission_Penalty
ELC_NGA_CC_P,2050,ELC_CEN,Emission_Penalty
ELC_CHP_NGA_CC_P,2025,ELC_CEN,Emission_Penalty
ELC_CHP_NGA_CC_P,2030,ELC_CEN,Emission_Penalty
ELC_CHP_NGA_CC_P,2040,ELC_CEN,Emission_Penalty
ELC_CHP_NGA_CC_P,2050,ELC_CEN,Emission_Penalty
ELC_CHP_NGA_CC_P,2025,HET,Emission_Penalty
ELC_CHP_NGA_CC_P,2030,HET,Emission_Penalty
ELC_CHP_NGA_CC_P,2040,HET,Emission_Penalty
ELC_CHP_NGA_CC_P,2050,HET,Emission_Penalty
ELC_CHP_NGA_TURB_P,2025,ELC_CEN,Emission_Penalty
ELC_CHP_NGA_TURB_P,2030,ELC_CEN,Emission_Penalty
ELC_CHP_NGA_TURB_P,2040,ELC_CEN,Emission_Penalty
ELC_CHP_NGA_TURB_P,2050,ELC_CEN,Emission_Penalty
ELC_CHP_NGA_TURB_P,2025,HET,Emission_Penalty
ELC_CHP_NGA_TURB_P,2030,HET,Emission_Penalty
ELC_CHP_NGA_TURB_P,2040,HET,Emission_Penalty
ELC_CHP_NGA_TURB_P,2050,HET,Emission_Penalty
ELC_NGA_TURB_L80MW_N,2025,ELC_CEN,Emission_Penalty
ELC_NGA_TURB_L80MW_N,2030,ELC_CEN,Emission_Penalty
ELC_NGA_TURB_L80MW_N,2040,ELC_CEN,Emission_Penalty
ELC_NGA_TURB_L80MW_N,2050,ELC_CEN,Emission_Penalty
ELC_NGA_TURB_L300MW_N,2025,ELC_CEN,Emission_Penalty
ELC_NGA_TURB_L300MW_N,2030,ELC_CEN,Emission_Penalty
ELC_NGA_TURB_L300MW_N,2040,ELC_CEN,Emission_Penalty
ELC_NGA_TURB_L300MW_N,2050,ELC_CEN,Emission_Penalty
ELC_NGA_CC_L3000MW_N,2025,ELC_CEN,Emission_Penalty
ELC_NGA_CC_L3000MW_N,2030,ELC_CEN,Emission_Penalty
ELC_NGA_CC_L3000MW_N,2040,ELC_CEN,Emission_Penalty
ELC_NGA_CC_L3000MW_N,2050,ELC_CEN,Emission_Penalty
ELC_COA_STM_H500MW_N,2025,ELC_CEN,Emission_Penalty
ELC_COA_STM_H500MW_N,2030,ELC_CEN,Emission_Penalty
ELC_COA_STM_H500MW_N,2040,ELC_CEN,Emission_Penalty
ELC_COA_STM_H500MW_N,2050,ELC_CEN,Emission_Penalty
ELC_OIL_STM_L2500MW_N,2025,ELC_CEN,Emission_Penalty
ELC_OIL_STM_L2500MW_N,2030,ELC_CEN,Emission_Penalty
ELC_OIL_STM_L2500MW_N,2040,ELC_CEN,Emission_Penalty
ELC_OIL_STM_L2500MW_N,2050,ELC_CEN,Emission_Penalty
ELC_BIO_5C_N,2025,ELC_CEN,Emission_Penalty
ELC_BIO_5C_N,2030,ELC_CEN,Emission_Penalty
ELC_BIO_5C_N,2040,ELC_CEN,Emission_Penalty
ELC_BIO_5C_N,2050,ELC_CEN,Emission_Penalty
ELC_BIO_12C_N,2025,ELC_CEN,Emission_Penalty
ELC_BIO_12C_N,2030,ELC_CEN,Emission_Penalty
ELC_BIO_12C_N,2040,ELC_CEN,Emission_Penalty
ELC_BIO_12C_N,2050,ELC_CEN,Emission_Penalty
ELC_BIO_5C_COA_N,2025,ELC_CEN,Emission_Penalty
ELC_BIO_5C_COA_N,2030,ELC_CEN,Emission_Penalty
ELC_BIO_5C_COA_N,2040,ELC_CEN,Emission_Penalty
ELC_BIO_5C_COA_N,2050,ELC_CEN,Emission_Penalty
ELC_BIO_12C_COA_N,2025,ELC_CEN,Emission_Penalty
ELC_BIO_12C_COA_N,2030,ELC_CEN,Emission_Penalty
ELC_BIO_12C_COA_N,2040,ELC_CEN,Emission_Penalty
ELC_BIO_12C_COA_N,2050,ELC_CEN,Emission_Penalty
ELC_BGS_AGR_N,2025,ELC_DST,Emission_Penalty
ELC_BGS_AGR_N,2030,ELC_DST,Emission_Penalty
ELC_BGS_AGR_N,2040,ELC_DST,Emission_Penalty
ELC_BGS_AGR_N,2050,ELC_DST,Emission_Penalty
ELC_BGS_LAN_N,2025,ELC_DST,Emission_Penalty
ELC_BGS_LAN_N,2030,ELC_DST,Emission_Penalty
ELC_BGS_LAN_N,2040,ELC_DST,Emission_Penalty
ELC_BGS_LAN_N,2050,ELC_DST,Emission_Penalty
ELC_CHP_BMU_N,2025,ELC_CEN,Emission_Penalty
ELC_CHP_BMU_N,2030,ELC_CEN,Emission_Penalty
ELC_CHP_BMU_N,2040,ELC_CEN,Emission_Penalty
ELC_CHP_BMU_N,2050,ELC_CEN,Emission_Penalty
ELC_CHP_BMU_N,2025,HET,Emission_Penalty
ELC_CHP_BMU_N,2030,HET,Emission_Penalty
ELC_CHP_BMU_N,2040,HET,Emission_Penalty
ELC_CHP_BMU_N,2050,HET,Emission_Penalty
ELC_CHP_NGA_TURB_N,2025,ELC_CEN,Emission_Penalty
ELC_CHP_NGA_TURB_N,2030,ELC_CEN,Emission_Penalty
ELC_CHP_NGA_TURB_N,2040,ELC_CEN,Emission_Penalty
ELC_CHP_NGA_TURB_N,2050,ELC_CEN,Emission_Penalty
ELC_CHP_NGA_TURB_N,2025,HET,Emission_Penalty
ELC_CHP_NGA_TURB_N,2030,HET,Emission_Penalty
ELC_CHP_NGA_TURB_N,2040,HET,Emission_Penalty
ELC_CHP_NGA_TURB_N,2050,HET,Emission_Penalty
ELC_CHP_NGA_CC_N,2025,ELC_CEN,Emission_Penalty
ELC_CHP_NGA_CC_N,2030,ELC_CEN,Emission_Penalty
ELC_CHP_NGA_CC_N,2040,ELC_CEN,Emission_Penalty
ELC_CHP_NGA_CC_N,2050,ELC_CEN,Emission_Penalty
ELC_CHP_NGA_CC_N,2025,HET,Emission_Penalty
ELC_CHP_NGA_CC_N,2030,HET,Emission_Penalty
ELC_CHP_NGA_CC_N,2040,HET,Emission_Penalty
ELC_CHP_NGA_CC_N,2050,HET,Emission_Penalty
ELC_CHP_NGA_CP_N,2025,ELC_CEN,Emission_Penalty
ELC_CHP_NGA_CP_N,2030,ELC_CEN,Emission_Penalty
ELC_CHP_NGA_CP_N,2040,ELC_CEN,Emission_Penalty
ELC_CHP_NGA_CP_N,2050,ELC_CEN,Emission_Penalty
ELC_CHP_NGA_CP_N,2025,HET,Emission_Penalty
ELC_CHP_NGA_CP_N,2030,HET,Emission_Penalty
ELC_CHP_NGA_CP_N,2040,HET,Emission_Penalty
ELC_CHP_NGA_CP_N,2050,HET,Emission_Penalty
ELC_CHP_NGA_TAP_N,2025,ELC_CEN,Emission_Penalty
ELC_CHP_NGA_TAP_N,2030,ELC_CEN,Emission_Penalty
ELC_CHP_NGA_TAP_N,2040,ELC_CEN,Emission_Penalty
ELC_CHP_NGA_TAP_N,2050,ELC_CEN,Emission_Penalty
ELC_CHP_NGA_TAP_N,2025,HET,Emission_Penalty
ELC_CHP_NGA_TAP_N,2030,HET,Emission_Penalty
ELC_CHP_NGA_TAP_N,2040,HET,Emission_Penalty
ELC_CHP_NGA_TAP_N,2050,HET,Emission_Penalty
HET_NGA_N,2025,HET,Emission_Penalty
HET_NGA_N,2030,HET,Emission_Penalty
HET_NGA_N,2040,HET,Emission_Penalty
HET_NGA_N,2050,HET,Emission_Penalty
HET_OIL_N,2025,HET,Emission_Penalty
HET_OIL_N,2030,HET,Emission_Penalty
HET_OIL_N,2040,HET,Emission_Penalty
HET_OIL_N,2050,HET,Emission_Penalty
HET_COA_N,2025,HET,Emission_Penalty
HET_COA_N,2030,HET,Emission_Penalty
HET_COA_N,2040,HET,Emission_Penalty
HET_COA_N,2050,HET,Emission_Penalty
H2_SMR_CL,2025,H2_CU,Emission_Penalty
H2_SMR_CL,2030,H2_CU,Emission_Penalty
H2_SMR_CL,2040,H2_CU,Emission_Penalty
H2_SMR_CL,2050,H2_CU,Emission_Penalty
H2_SMR_CS,2025,H2_CT,Emission_Penalty
H2_SMR_CS,2030,H2_CT,Emission_Penalty
H2_SMR_CS,2040,H2_CT,Emission_Penalty
H2_SMR_CS,2050,H2_CT,Emission_Penalty
H2_SMR_DM,2025,H2_DT,Emission_Penalty
H2_SMR_DM,2030,H2_DT,Emission_Penalty
H2_SMR_DM,2040,H2_DT,Emission_Penalty
H2_SMR_DM,2050,H2_DT,Emission_Penalty
H2_SMR_DS,2025,H2_DT,Emission_Penalty
H2_SMR_DS,2030,H2_DT,Emission_Penalty
H2_SMR_DS,2040,H2_DT,Emission_Penalty
H2_SMR_DS,2050,H2_DT,Emission_Penalty
H2_COA_CL,2025,H2_CU,Emission_Penalty
H2_COA_CL,2030,H2_CU,Emission_Penalty
H2_COA_CL,2040,H2_CU,Emission_Penalty
H2_COA_CL,2050,H2_CU,Emission_Penalty
H2_COA_CM,2025,H2_CU,Emission_Penalty
H2_COA_CM,2030,H2_CU,Emission_Penalty
H2_COA_CM,2040,H2_CU,Emission_Penalty
H2_COA_CM,2050,H2_CU,Emission_Penalty
H2_HOPO,2025,H2_CT,Emission_Penalty
H2_HOPO,2030,H2_CT,Emission_Penalty
H2_HOPO,2040,H2_CT,Emission_Penalty
H2_HOPO,2050,H2_CT,Emission_Penalty
H2_SBR_C,2025,H2_CU,Emission_Premium
H2_SBR_C,2030,H2_CU,Emission_Premium
H2_SBR_C,2040,H2_CU,Emission_Premium
H2_SBR_C,2050,H2_CU,Emission_Premium
H2_SBG_DS,2025,H2_DT,Emission_Premium
H2_SBG_DS,2030,H2_DT,Emission_Premium
H2_SBG_DS,2040,H2_DT,Emission_Premium
H2_SBG_DS,2050,H2_DT,Emission_Premium
H2_SBG_CM,2025,H2_CT,Emission_Premium
H2_SBG_CM,2030,H2_CT,Emission_Premium
H2_SBG_CM,2040,H2_CT,Emission_Premium
H2_SBG_CM,2050,H2_CT,Emission_Premium
CCUS_H2_SMR_CL,2025,H2_CU,Emission_Penalty
CCUS_H2_SMR_CL,2030,H2_CU,Emission_Penalty
CCUS_H2_SMR_CL,2040,H2_CU,Emission_Penalty
CCUS_H2_SMR_CL,2050,H2_CU,Emission_Penalty
CCUS_H2_SMR_CS,2025,H2_CT,Emission_Penalty
CCUS_H2_SMR_CS,2030,H2_CT,Emission_Penalty
CCUS_H2_SMR_CS,2040,H2_CT,Emission_Penalty
CCUS_H2_SMR_CS,2050,H2_CT,Emission_Penalty
CCUS_H2_COA_CL,2025,H2_CU,Emission_Penalty
CCUS_H2_COA_CL,2030,H2_CU,Emission_Penalty
CCUS_H2_COA_CL,2040,H2_CU,Emission_Penalty
CCUS_H2_COA_CL,2050,H2_CU,Emission_Penalty
CCUS_H2_COA_CM,2025,H2_CU,Emission_Penalty
CCUS_H2_COA_CM,2030,H2_CU,Emission_Penalty
CCUS_H2_COA_CM,2040,H2_CU,Emission_Penalty
CCUS_H2_COA_CM,2050,H2_CU,Emission_Penalty
CCUS_H2_SBG_CM,2025,H2_CT,Emission_Premium
CCUS_H2_SBG_CM,2030,H2_CT,Emission_Premium
CCUS_H2_SBG_CM,2040,H2_CT,Emission_Premium
CCUS_H2_SBG_CM,2050,H2_CT,Emission_Premium
CCUS_ELC_IG_COA,2025,ELC_CEN,Emission_Penalty
CCUS_ELC_IG_COA,2030,ELC_CEN,Emission_Penalty
CCUS_ELC_IG_COA,2040,ELC_CEN,Emission_Penalty
CCUS_ELC_IG_COA,2050,ELC_CEN,Emission_Penalty
CCUS_ELC_OG_COA,2025,ELC_CEN,Emission_Penalty
CCUS_ELC_OG_COA,2030,ELC_CEN,Emission_Penalty
CCUS_ELC_OG_COA,2040,ELC_CEN,Emission_Penalty
CCUS_ELC_OG_COA,2050,ELC_CEN,Emission_Penalty
CCUS_ELC_OXY_COA,2025,ELC_CEN,Emission_Penalty
CCUS_ELC_OXY_COA,2030,ELC_CEN,Emission_Penalty
CCUS_ELC_OXY_COA,2040,ELC_CEN,Emission_Penalty
CCUS_ELC_OXY_COA,2050,ELC_CEN,Emission_Penalty
CCUS_ELC_SOFC_COA,2040,ELC_CEN,Emission_Penalty
CCUS_ELC_SOFC_COA,2050,ELC_CEN,Emission_Penalty
CCUS_ELC_OXY_NGA,2030,ELC_CEN,Emission_Penalty
CCUS_ELC_OXY_NGA,2040,ELC_CEN,Emission_Penalty
CCUS_ELC_OXY_NGA,2050,ELC_CEN,Emission_Penalty
CCUS_DAC,2025,SNK_CO2,Emission_Premium
CCUS_DAC,2030,SNK_CO2,Emission_Premium
CCUS_DAC,2040,SNK_CO2,Emission_Premium
CCUS_DAC,2050,SNK_CO2,Emission_Premium
ELC_BLQ_N,2025,ELC_CEN,Emission_Premium
ELC_BLQ_N,2030,ELC_CEN,Emission_Premium
ELC_BLQ_N,2040,ELC_CEN,Emission_Premium
ELC_BLQ_N,2050,ELC_CEN,Emission_Premium
ELC_CHP_HHC_CC_E,2025,ELC_CEN,Emission_Premium
ELC_CHP_HHC_CC_E,2030,ELC_CEN,Emission_Premium
ELC_CHP_HHC_CC_E,2040,ELC_CEN,Emission_Premium
ELC_CHP_HHC_CC_E,2050,ELC_CEN,Emission_Premium
ELC_CHP_HHC_CC_E,2025,HET,Emission_Premium
ELC_CHP_HHC_CC_E,2030,HET,Emission_Premium
ELC_CHP_HHC_CC_E,2040,HET,Emission_Premium
ELC_CHP_HHC_CC_E,2050,HET,Emission_Premium
ELC_DERGAS_CC_E,2025,ELC_CEN,Emission_Premium
ELC_DERGAS_CC_E,2030,ELC_CEN,Emission_Premium
ELC_DERGAS_CC_E,2040,ELC_CEN,Emission_Premium
ELC_DERGAS_CC_E,2050,ELC_CEN,Emission_Premium
ELC_GEO_E,2025,ELC_CEN,Emission_Premium
ELC_GEO_E,2030,ELC_CEN,Emission_Premium
ELC_GEO_E,2040,ELC_CEN,Emission_Premium
ELC_GEO_E,2050,ELC_CEN,Emission_Premium
ELC_GEO_HENT_N,2025,ELC_CEN,Emission_Premium
ELC_GEO_HENT_N,2030,ELC_CEN,Emission_Premium
ELC_GEO_HENT_N,2040,ELC_CEN,Emission_Premium
ELC_GEO_HENT_N,2050,ELC_CEN,Emission_Premium
ELC_GEO_LENT_N,2025,ELC_CEN,Emission_Premium
ELC_GEO_LENT_N,2030,ELC_CEN,Emission_Premium
ELC_GEO_LENT_N,2040,ELC_CEN,Emission_Premium
ELC_GEO_LENT_N,2050,ELC_CEN,Emission_Premium
ELC_H2_PEMFC_N,2025,ELC_CEN,Emission_Premium
ELC_H2_PEMFC_N,2030,ELC_CEN,Emission_Premium
ELC_H2_PEMFC_N,2040,ELC_CEN,Emission_Premium
ELC_H2_PEMFC_N,2050,ELC_CEN,Emission_Premium
ELC_HYD_FLO_E,2025,ELC_CEN,Emission_Premium
ELC_HYD_FLO_E,2030,ELC_CEN,Emission_Premium
ELC_HYD_FLO_E,2040,ELC_CEN,Emission_Premium
ELC_HYD_FLO_E,2050,ELC_CEN,Emission_Premium
ELC_HYD_FLO_L10MW_E,2025,ELC_DST,Emission_Premium
ELC_HYD_FLO_L10MW_E,2030,ELC_DST,Emission_Premium
ELC_HYD_FLO_L10MW_E,2040,ELC_DST,Emission_Premium
ELC_HYD_FLO_L10MW_E,2050,ELC_DST,Emission_Premium
ELC_HYD_MICRO_N,2025,ELC_DST,Emission_Premium
ELC_HYD_MICRO_N,2030,ELC_DST,Emission_Premium
ELC_HYD_MICRO_N,2040,ELC_DST,Emission_Premium
ELC_HYD_MICRO_N,2050,ELC_DST,Emission_Premium
ELC_HYD_MINI_N,2025,ELC_DST,Emission_Premium
ELC_HYD_MINI_N,2030,ELC_DST,Emission_Premium
ELC_HYD_MINI_N,2040,ELC_DST,Emission_Premium
ELC_HYD_MINI_N,2050,ELC_DST,Emission_Premium
ELC_HYD_PUM_E,2025,ELC_CEN,Emission_Premium
ELC_HYD_PUM_E,2030,ELC_CEN,Emission_Premium
ELC_HYD_PUM_E,2040,ELC_CEN,Emission_Premium
ELC_HYD_PUM_E,2050,ELC_CEN,Emission_Premium
ELC_HYD_RES_E,2025,ELC_CEN,Emission_Premium
ELC_HYD_RES_E,2030,ELC_CEN,Emission_Premium
ELC_HYD_RES_E,2040,ELC_CEN,Emission_Premium
ELC_HYD_RES_E,2050,ELC_CEN,Emission_Premium
ELC_PV_GRO_TYPE1_N,2025,ELC_CEN,Emission_Premium
ELC_PV_GRO_TYPE1_N,2030,ELC_CEN,Emission_Premium
ELC_PV_GRO_TYPE1_N,2040,ELC_CEN,Emission_Premium
ELC_PV_GRO_TYPE1_N,2050,ELC_CEN,Emission_Premium
ELC_PV_GRO_TYPE2_N,2025,ELC_CEN,Emission_Premium
ELC_PV_GRO_TYPE2_N,2030,ELC_CEN,Emission_Premium
ELC_PV_GRO_TYPE2_N,2040,ELC_CEN,Emission_Premium
ELC_PV_GRO_TYPE2_N,2050,ELC_CEN,Emission_Premium
ELC_PV_GRO_TYPE3_N,2025,ELC_CEN,Emission_Premium
ELC_PV_GRO_TYPE3_N,2030,ELC_CEN,Emission_Premium
ELC_PV_GRO_TYPE3_N,2040,ELC_CEN,Emission_Premium
ELC_PV_GRO_TYPE3_N,2050,ELC_CEN,Emission_Premium
ELC_PV_GRO_TYPE4_N,2025,ELC_CEN,Emission_Premium
ELC_PV_GRO_TYPE4_N,2030,ELC_CEN,Emission_Premium
ELC_PV_GRO_TYPE4_N,2040,ELC_CEN,Emission_Premium
ELC_PV_GRO_TYPE4_N,2050,ELC_CEN,Emission_Premium
ELC_PV_GRO_TYPE5_N,2025,ELC_CEN,Emission_Premium
ELC_PV_GRO_TYPE5_N,2030,ELC_CEN,Emission_Premium
ELC_PV_GRO_TYPE5_N,2040,ELC_CEN,Emission_Premium
ELC_PV_GRO_TYPE5_N,2050,ELC_CEN,Emission_Premium
ELC_PV_GRO_TYPE6_N,2025,ELC_CEN,Emission_Premium
ELC_PV_GRO_TYPE6_N,2030,ELC_CEN,Emission_Premium
ELC_PV_GRO_TYPE6_N,2040,ELC_CEN,Emission_Premium
ELC_PV_GRO_TYPE6_N,2050,ELC_CEN,Emission_Premium
ELC_PV_ROOF_TYPE1_N,2025,ELC_DST,Emission_Premium
ELC_PV_ROOF_TYPE1_N,2030,ELC_DST,Emission_Premium
ELC_PV_ROOF_TYPE1_N,2040,ELC_DST,Emission_Premium
ELC_PV_ROOF_TYPE1_N,2050,ELC_DST,Emission_Premium
ELC_PV_ROOF_TYPE2_N,2025,ELC_DST,Emission_Premium
ELC_PV_ROOF_TYPE2_N,2030,ELC_DST,Emission_Premium
ELC_PV_ROOF_TYPE2_N,2040,ELC_DST,Emission_Premium
ELC_PV_ROOF_TYPE2_N,2050,ELC_DST,Emission_Premium
ELC_PV_ROOF_TYPE3_N,2025,ELC_DST,Emission_Premium
ELC_PV_ROOF_TYPE3_N,2030,ELC_DST,Emission_Premium
ELC_PV_ROOF_TYPE3_N,2040,ELC_DST,Emission_Premium
ELC_PV_ROOF_TYPE3_N,2050,ELC_DST,Emission_Premium
ELC_PV_ROOF_TYPE4_N,2025,ELC_DST,Emission_Premium
ELC_PV_ROOF_TYPE4_N,2030,ELC_DST,Emission_Premium
ELC_PV_ROOF_TYPE4_N,2040,ELC_DST,Emission_Premium
ELC_PV_ROOF_TYPE4_N,2050,ELC_DST,Emission_Premium
ELC_PV_ROOF_TYPE5_N,2025,ELC_DST,Emission_Premium
ELC_PV_ROOF_TYPE5_N,2030,ELC_DST,Emission_Premium
ELC_PV_ROOF_TYPE5_N,2040,ELC_DST,Emission_Premium
ELC_PV_ROOF_TYPE5_N,2050,ELC_DST,Emission_Premium
ELC_PV_ROOF_TYPE6_N,2025,ELC_DST,Emission_Premium
ELC_PV_ROOF_TYPE6_N,2030,ELC_DST,Emission_Premium
ELC_PV_ROOF_TYPE6_N,2040,ELC_DST,Emission_Premium
ELC_PV_ROOF_TYPE6_N,2050,ELC_DST,Emission_Premium
ELC_SOLTH_TYPE1_N,2025,ELC_CEN,Emission_Premium
ELC_SOLTH_TYPE1_N,2030,ELC_CEN,Emission_Premium
ELC_SOLTH_TYPE1_N,2040,ELC_CEN,Emission_Premium
ELC_SOLTH_TYPE1_N,2050,ELC_CEN,Emission_Premium
ELC_SOLTH_TYPE2_N,2025,ELC_CEN,Emission_Premium
ELC_SOLTH_TYPE2_N,2030,ELC_CEN,Emission_Premium
ELC_SOLTH_TYPE2_N,2040,ELC_CEN,Emission_Premium
ELC_SOLTH_TYPE2_N,2050,ELC_CEN,Emission_Premium
ELC_SOLTH_TYPE3_N,2030,ELC_CEN,Emission_Premium
ELC_SOLTH_TYPE3_N,2040,ELC_CEN,Emission_Premium
ELC_SOLTH_TYPE3_N,2050,ELC_CEN,Emission_Premium
ELC_SOLTH_TYPE4_N,2040,ELC_CEN,Emission_Premium
ELC_SOLTH_TYPE4_N,2050,ELC_CEN,Emission_Premium
ELC_SOL_E,2025,ELC_DST,Emission_Premium
ELC_SOL_E,2030,ELC_DST,Emission_Premium
ELC_SOL_E,2040,ELC_DST,Emission_Premium
ELC_SOL_E,2050,ELC_DST,Emission_Premium
ELC_WIN_E,2025,ELC_CEN,Emission_Premium
ELC_WIN_E,2030,ELC_CEN,Emission_Premium
ELC_WIN_E,2040,ELC_CEN,Emission_Premium
ELC_WIN_E,2050,ELC_CEN,Emission_Premium
ELC_WIN_OFF_DEEP_N,2030,ELC_CEN,Emission_Premium
ELC_WIN_OFF_DEEP_N,2040,ELC_CEN,Emission_Premium
ELC_WIN_OFF_DEEP_N,2050,ELC_CEN,Emission_Premium
ELC_WIN_OFF_N,2025,ELC_CEN,Emission_Premium
ELC_WIN_OFF_N,2030,ELC_CEN,Emission_Premium
ELC_WIN_OFF_N,2040,ELC_CEN,Emission_Premium
ELC_WIN_OFF_N,2050,ELC_CEN,Emission_Premium
ELC_WIN_P,2025,ELC_CEN,Emission_Premium
ELC_WIN_P,2030,ELC_CEN,Emission_Premium
ELC_WIN_P,2040,ELC_CEN,Emission_Premium
ELC_WIN_P,2050,ELC_CEN,Emission_Premium
ELC_WIN_TYPEA_N,2025,ELC_CEN,Emission_Premium
ELC_WIN_TYPEA_N,2030,ELC_CEN,Emission_Premium
ELC_WIN_TYPEA_N,2040,ELC_CEN,Emission_Premium
ELC_WIN_TYPEA_N,2050,ELC_CEN,Emission_Premium
ELC_WIN_TYPEB_N,2025,ELC_CEN,Emission_Premium
ELC_WIN_TYPEB_N,2030,ELC_CEN,Emission_Premium
ELC_WIN_TYPEB_N,2040,ELC_CEN,Emission_Premium
ELC_WIN_TYPEB_N,2050,ELC_CEN,Emission_Premium
ELC_WIN_TYPEC_N,2025,ELC_CEN,Emission_Premium
ELC_WIN_TYPEC_N,2030,ELC_CEN,Emission_Premium
ELC_WIN_TYPEC_N,2040,ELC_CEN,Emission_Premium
ELC_WIN_TYPEC_N,2050,ELC_CEN,Emission_Premium
ELC_WIN_TYPED_N,2025,ELC_CEN,Emission_Premium
ELC_WIN_TYPED_N,2030,ELC_CEN,Emission_Premium
ELC_WIN_TYPED_N,2040,ELC_CEN,Emission_Premium
ELC_WIN_TYPED_N,2050,ELC_CEN,Emission_Premium
H2_AEM_DS,2050,H2_DTE,Emission_Premium
H2_DMY_CTE,2025,H2_CT,Emission_Premium
H2_DMY_CTE,2030,H2_CT,Emission_Premium
H2_DMY_CTE,2040,H2_CT,Emission_Premium
H2_DMY_CTE,2050,H2_CT,Emission_Premium
H2_DMY_CUE,2025,H2_CU,Emission_Premium
H2_DMY_CUE,2030,H2_CU,Emission_Premium
H2_DMY_CUE,2040,H2_CU,Emission_Premium
H2_DMY_CUE,2050,H2_CU,Emission_Premium
H2_DMY_DTE,2025,H2_DT,Emission_Premium
H2_DMY_DTE,2030,H2_DT,Emission_Premium
H2_DMY_DTE,2040,H2_DT,Emission_Premium
H2_DMY_DTE,2050,H2_DT,Emission_Premium
H2_ELALK_CL,2025,H2_CTE,Emission_Premium
H2_ELALK_CL,2030,H2_CTE,Emission_Premium
H2_ELALK_CL,2040,H2_CTE,Emission_Premium
H2_ELALK_CL,2050,H2_CTE,Emission_Premium
H2_ELALK_DS,2025,H2_DTE,Emission_Premium
H2_ELALK_DS,2030,H2_DTE,Emission_Premium
H2_ELALK_DS,2040,H2_DTE,Emission_Premium
H2_ELALK_DS,2050,H2_DTE,Emission_Premium
H2_ELPEM_CL,2025,H2_CUE,Emission_Premium
H2_ELPEM_CL,2030,H2_CUE,Emission_Premium
H2_ELPEM_CL,2040,H2_CUE,Emission_Premium
H2_ELPEM_CL,2050,H2_CUE,Emission_Premium
H2_ELPEM_DS,2025,H2_DTE,Emission_Premium
H2_ELPEM_DS,2030,H2_DTE,Emission_Premium
H2_ELPEM_DS,2040,H2_DTE,Emission_Premium
H2_ELPEM_DS,2050,H2_DTE,Emission_Premium
H2_SER_D,2025,H2_DT,Emission_Premium
H2_SER_D,2030,H2_DT,Emission_Premium
H2_SER_D,2040,H2_DT,Emission_Premium
H2_SER_D,2050,H2_DT,Emission_Premium
H2_SOEC_CL,2025,H2_CUE,Emission_Premium
H2_SOEC_CL,2030,H2_CUE,Emission_Premium
H2_SOEC_CL,2040,H2_CUE,Emission_Premium
H2_SOEC_CL,2050,H2_CUE,Emission_Premium
H2_SOEC_DS,2025,H2_DTE,Emission_Premium
H2_SOEC_DS,2030,H2_DTE,Emission_Premium
H2_SOEC_DS,2040,H2_DTE,Emission_Premium
H2_SOEC_DS,2050,H2_DTE,Emission_Premium
H2_ST_CT,2025,H2_CT,Emission_Premium
H2_ST_CT,2030,H2_CT,Emission_Premium
H2_ST_CT,2040,H2_CT,Emission_Premium
H2_ST_CT,2050,H2_CT,Emission_Premium
H2_ST_DT,2025,H2_DT,Emission_Premium
H2_ST_DT,2030,H2_DT,Emission_Premium
H2_ST_DT,2040,H2_DT,Emission_Premium
H2_ST_DT,2050,H2_DT,Emission_Premium
H2_ST_UG,2025,H2_CU,Emission_Premium
H2_ST_UG,2030,H2_CU,Emission_Premium
H2_ST_UG,2040,H2_CU,Emission_Premium
H2_ST_UG,2050,H2_CU,Emission_Premium
HET_BIO_N,2025,HET,Emission_Premium
HET_BIO_N,2030,HET,Emission_Premium
HET_BIO_N,2040,HET,Emission_Premium
HET_BIO_N,2050,HET,Emission_Premium
HET_GEO_E,2025,HET,Emission_Premium
HET_GEO_E,2030,HET,Emission_Premium
HET_GEO_E,2040,HET,Emission_Premium
HET_GEO_E,2050,HET,Emission_Premium
HET_GEO_N,2025,HET,Emission_Premium
HET_GEO_N,2030,HET,Emission_Premium
HET_GEO_N,2040,HET,Emission_Premium
HET_GEO_N,2050,HET,Emission_Premium
HET_GEO_SHA_N,2025,HET,Emission_Premium
HET_GEO_SHA_N,2030,HET,Emission_Premium
HET_GEO_SHA_N,2040,HET,Emission_Premium
HET_GEO_SHA_N,2050,HET,Emission_Premium
IND_CHP_BLQ_CI_N,2025,ELC_DST,Emission_Premium
IND_CHP_BLQ_CI_N,2030,ELC_DST,Emission_Premium
IND_CHP_BLQ_CI_N,2040,ELC_DST,Emission_Premium
IND_CHP_BLQ_CI_N,2050,ELC_DST,Emission_Premium
IND_CH_AMM_ELCSYS_N,2025,IND_CH_AMM,Emission_Premium
IND_CH_AMM_ELCSYS_N,2030,IND_CH_AMM,Emission_Premium
IND_CH_AMM_ELCSYS_N,2040,IND_CH_AMM,Emission_Premium
IND_CH_AMM_ELCSYS_N,2050,IND_CH_AMM,Emission_Premium
IND_CH_HVC_N,2025,IND_CH_BTX,Emission_Premium
IND_CH_HVC_N,2030,IND_CH_BTX,Emission_Premium
IND_CH_HVC_N,2040,IND_CH_BTX,Emission_Premium
IND_CH_HVC_N,2050,IND_CH_BTX,Emission_Premium
IND_CH_MTH_ELCSYS_N,2025,IND_CH_MTH,Emission_Premium
IND_CH_MTH_ELCSYS_N,2030,IND_CH_MTH,Emission_Premium
IND_CH_MTH_ELCSYS_N,2040,IND_CH_MTH,Emission_Premium
IND_CH_MTH_ELCSYS_N,2050,IND_CH_MTH,Emission_Premium
IND_NF_ALU_KAO_N,2050,IND_NF_ALU,Emission_Premium
IND_NM_CEM_BLN_N,2025,IND_NM_CMT,Emission_Premium
IND_NM_CEM_BLN_N,2030,IND_NM_CMT,Emission_Premium
IND_NM_CEM_BLN_N,2040,IND_NM_CMT,Emission_Premium
IND_NM_CEM_BLN_N,2050,IND_NM_CMT,Emission_Premium
TRA_RAIL_FRG_ELC_N,2025,TRA_RAIL_FRG,Emission_Premium
TRA_RAIL_FRG_ELC_N,2030,TRA_RAIL_FRG,Emission_Premium
TRA_RAIL_FRG_ELC_N,2040,TRA_RAIL_FRG,Emission_Premium
TRA_RAIL_FRG_ELC_N,2050,TRA_RAIL_FRG,Emission_Premium
TRA_RAIL_FRG_H2G_MNL_N,2030,TRA_RAIL_FRG,Emission_Premium
TRA_RAIL_FRG_H2G_MNL_N,2040,TRA_RAIL_FRG,Emission_Premium
TRA_RAIL_FRG_H2G_MNL_N,2050,TRA_RAIL_FRG,Emission_Premium
TRA_RAIL_FRG_H2G_SNT_N,2030,TRA_RAIL_FRG,Emission_Premium
TRA_RAIL_FRG_H2G_SNT_N,2040,TRA_RAIL_FRG,Emission_Premium
TRA_RAIL_FRG_H2G_SNT_N,2050,TRA_RAIL_FRG,Emission_Premium
TRA_RAIL_PAS_ELC_N,2025,TRA_RAIL_PSG,Emission_Premium
TRA_RAIL_PAS_ELC_N,2030,TRA_RAIL_PSG,Emission_Premium
TRA_RAIL_PAS_ELC_N,2040,TRA_RAIL_PSG,Emission_Premium
TRA_RAIL_PAS_ELC_N,2050,TRA_RAIL_PSG,Emission_Premium
TRA_RAIL_PAS_H2G_N,2030,TRA_RAIL_PSG,Emission_Premium
TRA_RAIL_PAS_H2G_N,2040,TRA_RAIL_PSG,Emission_Premium
TRA_RAIL_PAS_H2G_N,2050,TRA_RAIL_PSG,Emission_Premium
TRA_ROA_2WH_ELC_N,2025,TRA_ROA_2WH,Emission_Premium
TRA_ROA_2WH_ELC_N,2030,TRA_ROA_2WH,Emission_Premium
TRA_ROA_2WH_ELC_N,2040,TRA_ROA_2WH,Emission_Premium
TRA_ROA_2WH_ELC_N,2050,TRA_ROA_2WH,Emission_Premium
TRA_ROA_BUS_BIO_E,2025,TRA_ROA_BUS,Emission_Premium
TRA_ROA_BUS_BIO_E,2030,TRA_ROA_BUS,Emission_Premium
TRA_ROA_BUS_BIO_E,2040,TRA_ROA_BUS,Emission_Premium
TRA_ROA_BUS_BIO_E,2050,TRA_ROA_BUS,Emission_Premium
TRA_ROA_BUS_ELC_N,2025,TRA_ROA_BUS,Emission_Premium
TRA_ROA_BUS_ELC_N,2030,TRA_ROA_BUS,Emission_Premium
TRA_ROA_BUS_ELC_N,2040,TRA_ROA_BUS,Emission_Premium
TRA_ROA_BUS_ELC_N,2050,TRA_ROA_BUS,Emission_Premium
TRA_ROA_BUS_FCELL_N,2025,TRA_ROA_BUS,Emission_Premium
TRA_ROA_BUS_FCELL_N,2030,TRA_ROA_BUS,Emission_Premium
TRA_ROA_BUS_FCELL_N,2040,TRA_ROA_BUS,Emission_Premium
TRA_ROA_BUS_FCELL_N,2050,TRA_ROA_BUS,Emission_Premium
TRA_ROA_CAR_BIO_E,2025,TRA_ROA_CAR,Emission_Premium
TRA_ROA_CAR_BIO_E,2030,TRA_ROA_CAR,Emission_Premium
TRA_ROA_CAR_BIO_E,2040,TRA_ROA_CAR,Emission_Premium
TRA_ROA_CAR_BIO_E,2050,TRA_ROA_CAR,Emission_Premium
TRA_ROA_CAR_ELC_N,2025,TRA_ROA_CAR,Emission_Premium
TRA_ROA_CAR_ELC_N,2030,TRA_ROA_CAR,Emission_Premium
TRA_ROA_CAR_ELC_N,2040,TRA_ROA_CAR,Emission_Premium
TRA_ROA_CAR_ELC_N,2050,TRA_ROA_CAR,Emission_Premium
TRA_ROA_CAR_FCELL_N,2025,TRA_ROA_CAR,Emission_Premium
TRA_ROA_CAR_FCELL_N,2030,TRA_ROA_CAR,Emission_Premium
TRA_ROA_CAR_FCELL_N,2040,TRA_ROA_CAR,Emission_Premium
TRA_ROA_CAR_FCELL_N,2050,TRA_ROA_CAR,Emission_Premium
TRA_ROA_HTR_BIO_E,2025,TRA_ROA_HTR,Emission_Premium
TRA_ROA_HTR_BIO_E,2030,TRA_ROA_HTR,Emission_Premium
TRA_ROA_HTR_BIO_E,2040,TRA_ROA_HTR,Emission_Premium
TRA_ROA_HTR_BIO_E,2050,TRA_ROA_HTR,Emission_Premium
TRA_ROA_HTR_ELC_N,2025,TRA_ROA_HTR,Emission_Premium
TRA_ROA_HTR_ELC_N,2030,TRA_ROA_HTR,Emission_Premium
TRA_ROA_HTR_ELC_N,2040,TRA_ROA_HTR,Emission_Premium
TRA_ROA_HTR_ELC_N,2050,TRA_ROA_HTR,Emission_Premium
TRA_ROA_HTR_FCELL_N,2025,TRA_ROA_HTR,Emission_Premium
TRA_ROA_HTR_FCELL_N,2030,TRA_ROA_HTR,Emission_Premium
TRA_ROA_HTR_FCELL_N,2040,TRA_ROA_HTR,Emission_Premium
TRA_ROA_HTR_FCELL_N,2050,TRA_ROA_HTR,Emission_Premium
TRA_ROA_LCV_BIO_E,2025,TRA_ROA_LCV,Emission_Premium
TRA_ROA_LCV_BIO_E,2030,TRA_ROA_LCV,Emission_Premium
TRA_ROA_LCV_BIO_E,2040,TRA_ROA_LCV,Emission_Premium
TRA_ROA_LCV_BIO_E,2050,TRA_ROA_LCV,Emission_Premium
TRA_ROA_LCV_ELC_N,2025,TRA_ROA_LCV,Emission_Premium
TRA_ROA_LCV_ELC_N,2030,TRA_ROA_LCV,Emission_Premium
TRA_ROA_LCV_ELC_N,2040,TRA_ROA_LCV,Emission_Premium
TRA_ROA_LCV_ELC_N,2050,TRA_ROA_LCV,Emission_Premium
TRA_ROA_LCV_FCELL_N,2025,TRA_ROA_LCV,Emission_Premium
TRA_ROA_LCV_FCELL_N,2030,TRA_ROA_LCV,Emission_Premium
TRA_ROA_LCV_FCELL_N,2040,TRA_ROA_LCV,Emission_Premium
TRA_ROA_LCV_FCELL_N,2050,TRA_ROA_LCV,Emission_Premium
TRA_ROA_MTR_ELC_N,2025,TRA_ROA_MTR,Emission_Premium
TRA_ROA_MTR_ELC_N,2030,TRA_ROA_MTR,Emission_Premium
TRA_ROA_MTR_ELC_N,2040,TRA_ROA_MTR,Emission_Premium
TRA_ROA_MTR_ELC_N,2050,TRA_ROA_MTR,Emission_Premium
TRA_ROA_MTR_FCELL_N,2025,TRA_ROA_MTR,Emission_Premium
TRA_ROA_MTR_FCELL_N,2030,TRA_ROA_MTR,Emission_Premium
TRA_ROA_MTR_FCELL_N,2040,TRA_ROA_MTR,Emission_Premium
TRA_ROA_MTR_FCELL_N,2050,TRA_ROA_MTR,Emission_Premium
